title,company,location,date
Java / C++ / JavaScript / QML / Kotlin software Developer,Bertrandt AG,Rabat,PostedOffre publiée il y a plus de 30 jours
Full-Stack Developer for InCar Entertainment (W/M),Bertrandt AG,Rabat,PostedOffre publiée il y a plus de 30 jours
UI Software Developer C++/QML (M/W),Bertrandt AG,Rabat,PostedOffre publiée il y a plus de 30 jours
Business developer,A discuter,Rabat,PostedOffre publiée il y a plus de 30 jours
Back-end Developer (Symfony),Sobrus,Témara,PostedOffre publiée il y a plus de 30 jours
Développeur front-end,Sobrus,Témara,PostedOffre publiée il y a plus de 30 jours
Business developer en art,Groupe artistique en développement,Rabat,PostedOffre publiée il y a plus de 30 jours
Front-end Developer (React Native),Sobrus,Témara,PostedOffre publiée il y a plus de 30 jours
Ingenieur /bts informatique ou bts sio (brevet de,DEV-UP,Rabat,PostedOffre publiée il y a plus de 30 jours
Stagiaire/alternant en business développement et partenariats,Super Auto Distribution,Rabat,PostedOffre publiée il y a plus de 30 jours
Embedded Systems & Software Team Leader,Bertrandt AG,Rabat,PostedOffre publiée il y a plus de 30 jours
QAD Business Analyst,Lear Corporation,Rabat,PostedOffre publiée il y a plus de 30 jours
CHARGÉ DE REPORTING (H/F),IFCAR JOB,Rabat,PostedOffre publiée il y a plus de 30 jours
Senior react developer,BV,Rabat,PostedOffre publiée il y a plus de 30 jours
Commercial(e) offshore,MAJJANE,Rabat,PostedOffre publiée il y a plus de 30 jours
Assistante Administrative,None,Rabat,PostedOffre publiée il y a plus de 30 jours
Une Assistant(E) En Ressources Humaines,None,Rabat,PostedOffre publiée il y a plus de 30 jours
Opérateur(ice) de saisie,None,Rabat,PostedOffre publiée il y a plus de 30 jours
Nous cherchons des assistantes RH ressources humaines,None,Rabat,PostedOffre publiée il y a plus de 30 jours
Gestion et confirmation des colis clients,Soft High Tech,Salé,PostedOffre publiée il y a 1 jour
Senior Project Officer,Council of Europe,Rabat,PostedOffre publiée il y a 16 jour
Mail Room Supervisor,U.S. Embassy and Consulate in Morocco,Rabat,PostedOffre publiée il y a 2 jour
Project Assistant,Council of Europe,Rabat,PostedOffre publiée il y a 16 jour
Developpeur php débutant,ASIC,Témara,PostedOffre publiée il y a plus de 30 jours
Agent administratif,WELINK,Rabat,PostedOffre publiée il y a plus de 30 jours
Gestionnaire chantier,VINCI Construction,Rabat,PostedOffre publiée il y a plus de 30 jours
Assistant RH,None,Rabat,PostedOffre publiée il y a plus de 30 jours
assistante RH,None,Rabat,PostedOffre publiée il y a plus de 30 jours
Assistante médicale: service cardiologie,clinique à Temara,Témara,PostedOffre publiée il y a plus de 30 jours
General Maintenance Assistant,"Marriott International, Inc",Rabat,PostedOffre publiée il y a plus de 30 jours
opérateur de saisie,None,Rabat,PostedOffre publiée il y a plus de 30 jours
Chargé des apprivoisements,Safari Import Export,Rabat,PostedOffre publiée il y a 5 jour
English - Arabic Interpreter/Translator,"DevTech Systems, Inc.",Rabat,PostedOffre publiée il y a plus de 30 jours
RESPONSABLE ADMINISTRATIF RH,None,Rabat,PostedOffre publiée il y a plus de 30 jours
Standardiste,Clinique,Témara,PostedOffre publiée il y a plus de 30 jours
Gestionnaire,Simnes,Témara,PostedOffre publiée il y a plus de 30 jours
Auditeur & controleur,None,Rabat,PostedOffre publiée il y a plus de 30 jours
Communication Officer,AXA,Rabat,PostedOffre publiée il y a plus de 30 jours
Recherche d une secretaire,IBNOU ROCHD,Rabat,PostedOffre publiée il y a plus de 30 jours
Besoin en urgence des téléconseillers,None,Salé,PostedOffre publiée il y a plus de 30 jours
Data Analyst,Lear Corporation,Rabat,PostedOffre publiée il y a plus de 30 jours
Chauffeur temara /tamesna,Colorado,Témara,PostedOffre publiée il y a plus de 30 jours
Chargé(e) d'événementiel (H/F),Sorec,Rabat,PostedOffre publiée il y a plus de 30 jours
0pérateurs / trices de saisie,None,Rabat,PostedOffre publiée il y a plus de 30 jours
TÉLÉCONSEILLER A DOMICILE,None,Rabat,PostedOffre publiée il y a plus de 30 jours
Media buyer,MENZY,Témara,PostedOffre publiée il y a 25 jour
Vendeuse parfum,ANAYLI,Rabat,PostedOffre publiée il y a 2 jour
نحتاج إليك في ألمانيا,None,Rabat,PostedOffre publiée il y a plus de 30 jours
Assistante administrative,ASTRA EQUIPEMENT,Rabat,PostedOffre publiée il y a 28 jour
Technicien help desk,Econocom,Salé,PostedOffre publiée il y a plus de 30 jours
ASSISTANT(E) MEDICAL(E) ET SOCIAL(E) (H/F),Bank Al-Maghreb,Rabat,PostedOffre publiée il y a plus de 30 jours
Life Guard,"Marriott International, Inc",Rabat,PostedOffre publiée il y a plus de 30 jours
Standardiste,None,Rabat,PostedOffre publiée il y a plus de 30 jours
AGENT ADMINISTRATIF,None,Rabat,PostedOffre publiée il y a plus de 30 jours
Offre: Magasinier – SALE,Rabat,Salé,PostedOffre publiée il y a plus de 30 jours
Chargée d'accueil,Hopital cheikh zaid,Rabat,PostedOffre publiée il y a plus de 30 jours
Chef de chantier,VINCI Construction,Rabat,PostedOffre publiée il y a 5 jour
CHARGÉ (E) DU CONTRÔLE INTERNE,TAMWILCOM,Rabat,PostedOffre publiée il y a 11 jour
,None,None,None
,None,None,None
,None,None,None
,None,None,None
