title,company,location,date,link
Full-Stack Developer (Front-End),Webloo,Rabat,EmployerActive 14 days ago,https://ma.indeed.com/rc/clk?jk=2e951dfc5ae5401c&bb=XGLSvGAbLcmfT_RaHGTlHdRc8xiBRpOfD2DdYpvWAgIBKEPmpduIi-sTYFNoKsXUYfIuqNOyJ0A5Q-VbO5rcPzzsjRzwn8P8tGYnuJvnqd85GlVvM2eUn6fiKV_Z3pPI&xkcb=SoAU67M3A_-WWBWaXB0LbzkdCdPP&fccid=d4b7de91aae1c0fb&cmp=Webloo&ti=Full+Stack+Developer&vjs=3
Power BI developer,VIT,Rabat,EmployerActive 11 days ago,https://ma.indeed.com/rc/clk?jk=2e951dfc5ae5401c&bb=XGLSvGAbLcmfT_RaHGTlHdRc8xiBRpOfD2DdYpvWAgIBKEPmpduIi-sTYFNoKsXUYfIuqNOyJ0A5Q-VbO5rcPzzsjRzwn8P8tGYnuJvnqd85GlVvM2eUn6fiKV_Z3pPI&xkcb=SoAU67M3A_-WWBWaXB0LbzkdCdPP&fccid=d4b7de91aae1c0fb&cmp=Webloo&ti=Full+Stack+Developer&vjs=3
Senior .NET Developer (Business Process Automation),Sigma Software,Rabat,PostedPosted 20 days ago,https://ma.indeed.com/rc/clk?jk=2e951dfc5ae5401c&bb=XGLSvGAbLcmfT_RaHGTlHdRc8xiBRpOfD2DdYpvWAgIBKEPmpduIi-sTYFNoKsXUYfIuqNOyJ0A5Q-VbO5rcPzzsjRzwn8P8tGYnuJvnqd85GlVvM2eUn6fiKV_Z3pPI&xkcb=SoAU67M3A_-WWBWaXB0LbzkdCdPP&fccid=d4b7de91aae1c0fb&cmp=Webloo&ti=Full+Stack+Developer&vjs=3
I4.0 - Senior Application Developer,Lear Corporation,Rabat,PostedPosted 25 days ago,https://ma.indeed.com/rc/clk?jk=2e951dfc5ae5401c&bb=XGLSvGAbLcmfT_RaHGTlHdRc8xiBRpOfD2DdYpvWAgIBKEPmpduIi-sTYFNoKsXUYfIuqNOyJ0A5Q-VbO5rcPzzsjRzwn8P8tGYnuJvnqd85GlVvM2eUn6fiKV_Z3pPI&xkcb=SoAU67M3A_-WWBWaXB0LbzkdCdPP&fccid=d4b7de91aae1c0fb&cmp=Webloo&ti=Full+Stack+Developer&vjs=3
I4.0 - Application Developer,Lear Corporation,Rabat,PostedPosted 25 days ago,https://ma.indeed.com/rc/clk?jk=2e951dfc5ae5401c&bb=XGLSvGAbLcmfT_RaHGTlHdRc8xiBRpOfD2DdYpvWAgIBKEPmpduIi-sTYFNoKsXUYfIuqNOyJ0A5Q-VbO5rcPzzsjRzwn8P8tGYnuJvnqd85GlVvM2eUn6fiKV_Z3pPI&xkcb=SoAU67M3A_-WWBWaXB0LbzkdCdPP&fccid=d4b7de91aae1c0fb&cmp=Webloo&ti=Full+Stack+Developer&vjs=3
Flutter Mobile Developer,Caisse Manager,Rabat,EmployerActive 3 days ago,https://ma.indeed.com/rc/clk?jk=2e951dfc5ae5401c&bb=XGLSvGAbLcmfT_RaHGTlHdRc8xiBRpOfD2DdYpvWAgIBKEPmpduIi-sTYFNoKsXUYfIuqNOyJ0A5Q-VbO5rcPzzsjRzwn8P8tGYnuJvnqd85GlVvM2eUn6fiKV_Z3pPI&xkcb=SoAU67M3A_-WWBWaXB0LbzkdCdPP&fccid=d4b7de91aae1c0fb&cmp=Webloo&ti=Full+Stack+Developer&vjs=3
React Native Mobile Developer,Caisse Manager,Rabat,EmployerActive 3 days ago,https://ma.indeed.com/rc/clk?jk=2e951dfc5ae5401c&bb=XGLSvGAbLcmfT_RaHGTlHdRc8xiBRpOfD2DdYpvWAgIBKEPmpduIi-sTYFNoKsXUYfIuqNOyJ0A5Q-VbO5rcPzzsjRzwn8P8tGYnuJvnqd85GlVvM2eUn6fiKV_Z3pPI&xkcb=SoAU67M3A_-WWBWaXB0LbzkdCdPP&fccid=d4b7de91aae1c0fb&cmp=Webloo&ti=Full+Stack+Developer&vjs=3
Commercial/Tél éprospecteur H/F,Sobrus,Témara,EmployerActive 14 days ago,https://ma.indeed.com/rc/clk?jk=2e951dfc5ae5401c&bb=XGLSvGAbLcmfT_RaHGTlHdRc8xiBRpOfD2DdYpvWAgIBKEPmpduIi-sTYFNoKsXUYfIuqNOyJ0A5Q-VbO5rcPzzsjRzwn8P8tGYnuJvnqd85GlVvM2eUn6fiKV_Z3pPI&xkcb=SoAU67M3A_-WWBWaXB0LbzkdCdPP&fccid=d4b7de91aae1c0fb&cmp=Webloo&ti=Full+Stack+Developer&vjs=3
Customer Experience Specialist,Syngenta Seeds,Rabat,PostedPosted 30+ days ago,https://ma.indeed.com/rc/clk?jk=2e951dfc5ae5401c&bb=XGLSvGAbLcmfT_RaHGTlHdRc8xiBRpOfD2DdYpvWAgIBKEPmpduIi-sTYFNoKsXUYfIuqNOyJ0A5Q-VbO5rcPzzsjRzwn8P8tGYnuJvnqd85GlVvM2eUn6fiKV_Z3pPI&xkcb=SoAU67M3A_-WWBWaXB0LbzkdCdPP&fccid=d4b7de91aae1c0fb&cmp=Webloo&ti=Full+Stack+Developer&vjs=3
Strong Junior .NET Developer (Business Process Automation),Sigma Software,Rabat,PostedPosted 30+ days ago,https://ma.indeed.com/rc/clk?jk=2e951dfc5ae5401c&bb=XGLSvGAbLcmfT_RaHGTlHdRc8xiBRpOfD2DdYpvWAgIBKEPmpduIi-sTYFNoKsXUYfIuqNOyJ0A5Q-VbO5rcPzzsjRzwn8P8tGYnuJvnqd85GlVvM2eUn6fiKV_Z3pPI&xkcb=SoAU67M3A_-WWBWaXB0LbzkdCdPP&fccid=d4b7de91aae1c0fb&cmp=Webloo&ti=Full+Stack+Developer&vjs=3
Ingenieur /bts informatique ou bts sio (brevet de,DEV-UP,Rabat,PostedPosted 30+ days ago,https://ma.indeed.com/rc/clk?jk=2e951dfc5ae5401c&bb=XGLSvGAbLcmfT_RaHGTlHdRc8xiBRpOfD2DdYpvWAgIBKEPmpduIi-sTYFNoKsXUYfIuqNOyJ0A5Q-VbO5rcPzzsjRzwn8P8tGYnuJvnqd85GlVvM2eUn6fiKV_Z3pPI&xkcb=SoAU67M3A_-WWBWaXB0LbzkdCdPP&fccid=d4b7de91aae1c0fb&cmp=Webloo&ti=Full+Stack+Developer&vjs=3
Commercial(e) offshore,MAJJANE,Rabat,PostedPosted 30+ days ago,https://ma.indeed.com/rc/clk?jk=2e951dfc5ae5401c&bb=XGLSvGAbLcmfT_RaHGTlHdRc8xiBRpOfD2DdYpvWAgIBKEPmpduIi-sTYFNoKsXUYfIuqNOyJ0A5Q-VbO5rcPzzsjRzwn8P8tGYnuJvnqd85GlVvM2eUn6fiKV_Z3pPI&xkcb=SoAU67M3A_-WWBWaXB0LbzkdCdPP&fccid=d4b7de91aae1c0fb&cmp=Webloo&ti=Full+Stack+Developer&vjs=3
Business developer en art,Groupe artistique en développement,Rabat,PostedPosted 30+ days ago,https://ma.indeed.com/rc/clk?jk=2e951dfc5ae5401c&bb=XGLSvGAbLcmfT_RaHGTlHdRc8xiBRpOfD2DdYpvWAgIBKEPmpduIi-sTYFNoKsXUYfIuqNOyJ0A5Q-VbO5rcPzzsjRzwn8P8tGYnuJvnqd85GlVvM2eUn6fiKV_Z3pPI&xkcb=SoAU67M3A_-WWBWaXB0LbzkdCdPP&fccid=d4b7de91aae1c0fb&cmp=Webloo&ti=Full+Stack+Developer&vjs=3
Ingénieur de production Mainframe,AXA,Rabat,PostedPosted 30+ days ago,https://ma.indeed.com/rc/clk?jk=2e951dfc5ae5401c&bb=XGLSvGAbLcmfT_RaHGTlHdRc8xiBRpOfD2DdYpvWAgIBKEPmpduIi-sTYFNoKsXUYfIuqNOyJ0A5Q-VbO5rcPzzsjRzwn8P8tGYnuJvnqd85GlVvM2eUn6fiKV_Z3pPI&xkcb=SoAU67M3A_-WWBWaXB0LbzkdCdPP&fccid=d4b7de91aae1c0fb&cmp=Webloo&ti=Full+Stack+Developer&vjs=3
Marketing Data Lead,Syngenta Seeds,Rabat,PostedPosted 30+ days ago,https://ma.indeed.com/rc/clk?jk=2e951dfc5ae5401c&bb=XGLSvGAbLcmfT_RaHGTlHdRc8xiBRpOfD2DdYpvWAgIBKEPmpduIi-sTYFNoKsXUYfIuqNOyJ0A5Q-VbO5rcPzzsjRzwn8P8tGYnuJvnqd85GlVvM2eUn6fiKV_Z3pPI&xkcb=SoAU67M3A_-WWBWaXB0LbzkdCdPP&fccid=d4b7de91aae1c0fb&cmp=Webloo&ti=Full+Stack+Developer&vjs=3
CAISSIERE EN PHARMACIE,None,Salé,PostedPosted 1 day ago,https://ma.indeed.com/rc/clk?jk=d05dd47ddcd8fdac&bb=uVYkAnal17TYZFiRB7l-Va8RQ1kvUhZlkD6AK4sUrF75O1DWivFb9nv9gwBA1iiOes0adkQOT8YHEHAR49uXWKGIPOxn4u857M3zpDpaxmKJv5Jxt5elC4DsShQDLIjo&xkcb=SoCt67M3A_-WG82aaZ0LbzkdCdPP&fccid=dd616958bd9ddc12&vjs=3
Assistante commerciale,ExtraVolt,Salé,PostedPosted 1 day ago,https://ma.indeed.com/rc/clk?jk=d05dd47ddcd8fdac&bb=uVYkAnal17TYZFiRB7l-Va8RQ1kvUhZlkD6AK4sUrF75O1DWivFb9nv9gwBA1iiOes0adkQOT8YHEHAR49uXWKGIPOxn4u857M3zpDpaxmKJv5Jxt5elC4DsShQDLIjo&xkcb=SoCt67M3A_-WG82aaZ0LbzkdCdPP&fccid=dd616958bd9ddc12&vjs=3
Agent sav (contrat anapec),ExtraVolt,Salé,PostedPosted 1 day ago,https://ma.indeed.com/rc/clk?jk=d05dd47ddcd8fdac&bb=uVYkAnal17TYZFiRB7l-Va8RQ1kvUhZlkD6AK4sUrF75O1DWivFb9nv9gwBA1iiOes0adkQOT8YHEHAR49uXWKGIPOxn4u857M3zpDpaxmKJv5Jxt5elC4DsShQDLIjo&xkcb=SoCt67M3A_-WG82aaZ0LbzkdCdPP&fccid=dd616958bd9ddc12&vjs=3
CONSEILLER EN ASSURANCE AUTOMOBILE,None,Rabat,PostedPosted 1 day ago,https://ma.indeed.com/rc/clk?jk=d05dd47ddcd8fdac&bb=uVYkAnal17TYZFiRB7l-Va8RQ1kvUhZlkD6AK4sUrF75O1DWivFb9nv9gwBA1iiOes0adkQOT8YHEHAR49uXWKGIPOxn4u857M3zpDpaxmKJv5Jxt5elC4DsShQDLIjo&xkcb=SoCt67M3A_-WG82aaZ0LbzkdCdPP&fccid=dd616958bd9ddc12&vjs=3
Technicien it polyvalent !,Job,Témara,PostedPosted 1 day ago,https://ma.indeed.com/rc/clk?jk=d05dd47ddcd8fdac&bb=uVYkAnal17TYZFiRB7l-Va8RQ1kvUhZlkD6AK4sUrF75O1DWivFb9nv9gwBA1iiOes0adkQOT8YHEHAR49uXWKGIPOxn4u857M3zpDpaxmKJv5Jxt5elC4DsShQDLIjo&xkcb=SoCt67M3A_-WG82aaZ0LbzkdCdPP&fccid=dd616958bd9ddc12&vjs=3
Customer Service Advisor - English,Foundever,Rabat,PostedPosted 1 day ago,https://ma.indeed.com/rc/clk?jk=d05dd47ddcd8fdac&bb=uVYkAnal17TYZFiRB7l-Va8RQ1kvUhZlkD6AK4sUrF75O1DWivFb9nv9gwBA1iiOes0adkQOT8YHEHAR49uXWKGIPOxn4u857M3zpDpaxmKJv5Jxt5elC4DsShQDLIjo&xkcb=SoCt67M3A_-WG82aaZ0LbzkdCdPP&fccid=dd616958bd9ddc12&vjs=3
CONSEILLER COMMERCIAL BTOB,None,Rabat,PostedPosted 1 day ago,https://ma.indeed.com/rc/clk?jk=d05dd47ddcd8fdac&bb=uVYkAnal17TYZFiRB7l-Va8RQ1kvUhZlkD6AK4sUrF75O1DWivFb9nv9gwBA1iiOes0adkQOT8YHEHAR49uXWKGIPOxn4u857M3zpDpaxmKJv5Jxt5elC4DsShQDLIjo&xkcb=SoCt67M3A_-WG82aaZ0LbzkdCdPP&fccid=dd616958bd9ddc12&vjs=3
Customer Service Advisor - Dutch,Foundever,Rabat,PostedPosted 1 day ago,https://ma.indeed.com/rc/clk?jk=d05dd47ddcd8fdac&bb=uVYkAnal17TYZFiRB7l-Va8RQ1kvUhZlkD6AK4sUrF75O1DWivFb9nv9gwBA1iiOes0adkQOT8YHEHAR49uXWKGIPOxn4u857M3zpDpaxmKJv5Jxt5elC4DsShQDLIjo&xkcb=SoCt67M3A_-WG82aaZ0LbzkdCdPP&fccid=dd616958bd9ddc12&vjs=3
Real Estate Coordinator,actionrealty,Rabat,PostedPosted 1 day ago,https://ma.indeed.com/rc/clk?jk=d05dd47ddcd8fdac&bb=uVYkAnal17TYZFiRB7l-Va8RQ1kvUhZlkD6AK4sUrF75O1DWivFb9nv9gwBA1iiOes0adkQOT8YHEHAR49uXWKGIPOxn4u857M3zpDpaxmKJv5Jxt5elC4DsShQDLIjo&xkcb=SoCt67M3A_-WG82aaZ0LbzkdCdPP&fccid=dd616958bd9ddc12&vjs=3
Superviseur,Task Force,Rabat,PostedPosted 1 day ago,https://ma.indeed.com/rc/clk?jk=d05dd47ddcd8fdac&bb=uVYkAnal17TYZFiRB7l-Va8RQ1kvUhZlkD6AK4sUrF75O1DWivFb9nv9gwBA1iiOes0adkQOT8YHEHAR49uXWKGIPOxn4u857M3zpDpaxmKJv5Jxt5elC4DsShQDLIjo&xkcb=SoCt67M3A_-WG82aaZ0LbzkdCdPP&fccid=dd616958bd9ddc12&vjs=3
Coach Sportif H/F,FITNESS PARK,Salé,PostedPosted 1 day ago,https://ma.indeed.com/rc/clk?jk=d05dd47ddcd8fdac&bb=uVYkAnal17TYZFiRB7l-Va8RQ1kvUhZlkD6AK4sUrF75O1DWivFb9nv9gwBA1iiOes0adkQOT8YHEHAR49uXWKGIPOxn4u857M3zpDpaxmKJv5Jxt5elC4DsShQDLIjo&xkcb=SoCt67M3A_-WG82aaZ0LbzkdCdPP&fccid=dd616958bd9ddc12&vjs=3
Stagiaire en logistique / poste basé à Ain Attiq,Hoojan,Ain Attig,PostedPosted 1 day ago,https://ma.indeed.com/rc/clk?jk=d05dd47ddcd8fdac&bb=uVYkAnal17TYZFiRB7l-Va8RQ1kvUhZlkD6AK4sUrF75O1DWivFb9nv9gwBA1iiOes0adkQOT8YHEHAR49uXWKGIPOxn4u857M3zpDpaxmKJv5Jxt5elC4DsShQDLIjo&xkcb=SoCt67M3A_-WG82aaZ0LbzkdCdPP&fccid=dd616958bd9ddc12&vjs=3
Professeur de SVT - Lycée (!! plein-temps),LION CONSULTING RH,Rabat,PostedPosted 1 day ago,https://ma.indeed.com/rc/clk?jk=d05dd47ddcd8fdac&bb=uVYkAnal17TYZFiRB7l-Va8RQ1kvUhZlkD6AK4sUrF75O1DWivFb9nv9gwBA1iiOes0adkQOT8YHEHAR49uXWKGIPOxn4u857M3zpDpaxmKJv5Jxt5elC4DsShQDLIjo&xkcb=SoCt67M3A_-WG82aaZ0LbzkdCdPP&fccid=dd616958bd9ddc12&vjs=3
Formateur,MIAGE RABAT,Rabat,PostedPosted 1 day ago,https://ma.indeed.com/rc/clk?jk=d05dd47ddcd8fdac&bb=uVYkAnal17TYZFiRB7l-Va8RQ1kvUhZlkD6AK4sUrF75O1DWivFb9nv9gwBA1iiOes0adkQOT8YHEHAR49uXWKGIPOxn4u857M3zpDpaxmKJv5Jxt5elC4DsShQDLIjo&xkcb=SoCt67M3A_-WG82aaZ0LbzkdCdPP&fccid=dd616958bd9ddc12&vjs=3
Professeur d'éducation islamique - Lycée (!! plein-temps) / مدرس/ة التربية الإسلامية,LION CONSULTING RH,Rabat,PostedPosted 1 day ago,https://ma.indeed.com/rc/clk?jk=d05dd47ddcd8fdac&bb=uVYkAnal17TYZFiRB7l-Va8RQ1kvUhZlkD6AK4sUrF75O1DWivFb9nv9gwBA1iiOes0adkQOT8YHEHAR49uXWKGIPOxn4u857M3zpDpaxmKJv5Jxt5elC4DsShQDLIjo&xkcb=SoCt67M3A_-WG82aaZ0LbzkdCdPP&fccid=dd616958bd9ddc12&vjs=3
Stagiaire en marketing : responsable intégration produit et contenu digital / poste basé à AIN ATTIQ,Hoojan,Ain Attig,PostedPosted 1 day ago,https://ma.indeed.com/rc/clk?jk=27c498eb2dfa4785&bb=ZIh1lnXnkJ8tWIAKKjA1v6TXZCNqgThTY25Hm_0SKk3l6VVDAKWx31IlBOtzKSe203TtdbpNUI016SMr-mfqBEQrlJMAhZZy5A5A0MZWtx6-Ags2yKpzzfwGiuDKw8Pn&xkcb=SoBS67M3A_-WPq-7Ih0LbzkdCdPP&fccid=f8e3b61ad781de8c&cmp=Hoojan&ti=Cr%C3%A9ateur+De+Contenu&vjs=3
Développeur Web Fullstack/Mobile Flutter,Nethub,Rabat,PostedPosted 1 day ago,https://ma.indeed.com/rc/clk?jk=27c498eb2dfa4785&bb=ZIh1lnXnkJ8tWIAKKjA1v6TXZCNqgThTY25Hm_0SKk3l6VVDAKWx31IlBOtzKSe203TtdbpNUI016SMr-mfqBEQrlJMAhZZy5A5A0MZWtx6-Ags2yKpzzfwGiuDKw8Pn&xkcb=SoBS67M3A_-WPq-7Ih0LbzkdCdPP&fccid=f8e3b61ad781de8c&cmp=Hoojan&ti=Cr%C3%A9ateur+De+Contenu&vjs=3
CHARGÉ DE CLIENTÈLE - HERTZ MAROC H/F,GBH,Rabat,PostedPosted 2 days ago,https://ma.indeed.com/rc/clk?jk=27c498eb2dfa4785&bb=ZIh1lnXnkJ8tWIAKKjA1v6TXZCNqgThTY25Hm_0SKk3l6VVDAKWx31IlBOtzKSe203TtdbpNUI016SMr-mfqBEQrlJMAhZZy5A5A0MZWtx6-Ags2yKpzzfwGiuDKw8Pn&xkcb=SoBS67M3A_-WPq-7Ih0LbzkdCdPP&fccid=f8e3b61ad781de8c&cmp=Hoojan&ti=Cr%C3%A9ateur+De+Contenu&vjs=3
Mail Room Supervisor,U.S. Embassy and Consulate in Morocco,Rabat,PostedPosted 2 days ago,https://ma.indeed.com/rc/clk?jk=27c498eb2dfa4785&bb=ZIh1lnXnkJ8tWIAKKjA1v6TXZCNqgThTY25Hm_0SKk3l6VVDAKWx31IlBOtzKSe203TtdbpNUI016SMr-mfqBEQrlJMAhZZy5A5A0MZWtx6-Ags2yKpzzfwGiuDKw8Pn&xkcb=SoBS67M3A_-WPq-7Ih0LbzkdCdPP&fccid=f8e3b61ad781de8c&cmp=Hoojan&ti=Cr%C3%A9ateur+De+Contenu&vjs=3
Vendeuse parfum,ANAYLI,Rabat,PostedPosted 2 days ago,https://ma.indeed.com/rc/clk?jk=27c498eb2dfa4785&bb=ZIh1lnXnkJ8tWIAKKjA1v6TXZCNqgThTY25Hm_0SKk3l6VVDAKWx31IlBOtzKSe203TtdbpNUI016SMr-mfqBEQrlJMAhZZy5A5A0MZWtx6-Ags2yKpzzfwGiuDKw8Pn&xkcb=SoBS67M3A_-WPq-7Ih0LbzkdCdPP&fccid=f8e3b61ad781de8c&cmp=Hoojan&ti=Cr%C3%A9ateur+De+Contenu&vjs=3
Agents eE-chat - Réception d'appels - Rabat,Cnexia,Rabat,PostedPosted 2 days ago,https://ma.indeed.com/rc/clk?jk=27c498eb2dfa4785&bb=ZIh1lnXnkJ8tWIAKKjA1v6TXZCNqgThTY25Hm_0SKk3l6VVDAKWx31IlBOtzKSe203TtdbpNUI016SMr-mfqBEQrlJMAhZZy5A5A0MZWtx6-Ags2yKpzzfwGiuDKw8Pn&xkcb=SoBS67M3A_-WPq-7Ih0LbzkdCdPP&fccid=f8e3b61ad781de8c&cmp=Hoojan&ti=Cr%C3%A9ateur+De+Contenu&vjs=3
chargé d accueil,DEKRA,Rabat,PostedPosted 2 days ago,https://ma.indeed.com/rc/clk?jk=27c498eb2dfa4785&bb=ZIh1lnXnkJ8tWIAKKjA1v6TXZCNqgThTY25Hm_0SKk3l6VVDAKWx31IlBOtzKSe203TtdbpNUI016SMr-mfqBEQrlJMAhZZy5A5A0MZWtx6-Ags2yKpzzfwGiuDKw8Pn&xkcb=SoBS67M3A_-WPq-7Ih0LbzkdCdPP&fccid=f8e3b61ad781de8c&cmp=Hoojan&ti=Cr%C3%A9ateur+De+Contenu&vjs=3
Secretariat,SEFIANI KHADAMAT,Rabat,PostedPosted 2 days ago,https://ma.indeed.com/rc/clk?jk=27c498eb2dfa4785&bb=ZIh1lnXnkJ8tWIAKKjA1v6TXZCNqgThTY25Hm_0SKk3l6VVDAKWx31IlBOtzKSe203TtdbpNUI016SMr-mfqBEQrlJMAhZZy5A5A0MZWtx6-Ags2yKpzzfwGiuDKw8Pn&xkcb=SoBS67M3A_-WPq-7Ih0LbzkdCdPP&fccid=f8e3b61ad781de8c&cmp=Hoojan&ti=Cr%C3%A9ateur+De+Contenu&vjs=3
Recherchons des conseillers en prise de RDV,FtelZ services,Rabat,PostedPosted 2 days ago,https://ma.indeed.com/rc/clk?jk=27c498eb2dfa4785&bb=ZIh1lnXnkJ8tWIAKKjA1v6TXZCNqgThTY25Hm_0SKk3l6VVDAKWx31IlBOtzKSe203TtdbpNUI016SMr-mfqBEQrlJMAhZZy5A5A0MZWtx6-Ags2yKpzzfwGiuDKw8Pn&xkcb=SoBS67M3A_-WPq-7Ih0LbzkdCdPP&fccid=f8e3b61ad781de8c&cmp=Hoojan&ti=Cr%C3%A9ateur+De+Contenu&vjs=3
Developpeurs informatques,Bhigh group,Salé,PostedPosted 2 days ago,https://ma.indeed.com/rc/clk?jk=27c498eb2dfa4785&bb=ZIh1lnXnkJ8tWIAKKjA1v6TXZCNqgThTY25Hm_0SKk3l6VVDAKWx31IlBOtzKSe203TtdbpNUI016SMr-mfqBEQrlJMAhZZy5A5A0MZWtx6-Ags2yKpzzfwGiuDKw8Pn&xkcb=SoBS67M3A_-WPq-7Ih0LbzkdCdPP&fccid=f8e3b61ad781de8c&cmp=Hoojan&ti=Cr%C3%A9ateur+De+Contenu&vjs=3
Responsable Maintenance / Matériel,VINCI Construction,Rabat,PostedPosted 2 days ago,https://ma.indeed.com/rc/clk?jk=27c498eb2dfa4785&bb=ZIh1lnXnkJ8tWIAKKjA1v6TXZCNqgThTY25Hm_0SKk3l6VVDAKWx31IlBOtzKSe203TtdbpNUI016SMr-mfqBEQrlJMAhZZy5A5A0MZWtx6-Ags2yKpzzfwGiuDKw8Pn&xkcb=SoBS67M3A_-WPq-7Ih0LbzkdCdPP&fccid=f8e3b61ad781de8c&cmp=Hoojan&ti=Cr%C3%A9ateur+De+Contenu&vjs=3
Ste d'assurances a rabat recrute une collabo,agence d'assurances a rabat,Rabat,PostedPosted 2 days ago,https://ma.indeed.com/rc/clk?jk=27c498eb2dfa4785&bb=ZIh1lnXnkJ8tWIAKKjA1v6TXZCNqgThTY25Hm_0SKk3l6VVDAKWx31IlBOtzKSe203TtdbpNUI016SMr-mfqBEQrlJMAhZZy5A5A0MZWtx6-Ags2yKpzzfwGiuDKw8Pn&xkcb=SoBS67M3A_-WPq-7Ih0LbzkdCdPP&fccid=f8e3b61ad781de8c&cmp=Hoojan&ti=Cr%C3%A9ateur+De+Contenu&vjs=3
Dessinateur projeteur,MET,Rabat,PostedPosted 2 days ago,https://ma.indeed.com/rc/clk?jk=27c498eb2dfa4785&bb=ZIh1lnXnkJ8tWIAKKjA1v6TXZCNqgThTY25Hm_0SKk3l6VVDAKWx31IlBOtzKSe203TtdbpNUI016SMr-mfqBEQrlJMAhZZy5A5A0MZWtx6-Ags2yKpzzfwGiuDKw8Pn&xkcb=SoBS67M3A_-WPq-7Ih0LbzkdCdPP&fccid=f8e3b61ad781de8c&cmp=Hoojan&ti=Cr%C3%A9ateur+De+Contenu&vjs=3
Offre emploi en marketing - commerce à rabat,Immo,Rabat,PostedPosted 2 days ago,https://ma.indeed.com/rc/clk?jk=27c498eb2dfa4785&bb=ZIh1lnXnkJ8tWIAKKjA1v6TXZCNqgThTY25Hm_0SKk3l6VVDAKWx31IlBOtzKSe203TtdbpNUI016SMr-mfqBEQrlJMAhZZy5A5A0MZWtx6-Ags2yKpzzfwGiuDKw8Pn&xkcb=SoBS67M3A_-WPq-7Ih0LbzkdCdPP&fccid=f8e3b61ad781de8c&cmp=Hoojan&ti=Cr%C3%A9ateur+De+Contenu&vjs=3
Commercial en télévente pour un opérateur télécom – Rabat MAROC (CDI),ADM Value,Rabat,PostedPosted 2 days ago,https://ma.indeed.com/rc/clk?jk=27c498eb2dfa4785&bb=ZIh1lnXnkJ8tWIAKKjA1v6TXZCNqgThTY25Hm_0SKk3l6VVDAKWx31IlBOtzKSe203TtdbpNUI016SMr-mfqBEQrlJMAhZZy5A5A0MZWtx6-Ags2yKpzzfwGiuDKw8Pn&xkcb=SoBS67M3A_-WPq-7Ih0LbzkdCdPP&fccid=f8e3b61ad781de8c&cmp=Hoojan&ti=Cr%C3%A9ateur+De+Contenu&vjs=3
Rabat Agdal : Rejoignez notre équipe pour une expérience exceptionnelle dans le secteur des fai !,ARIA,Rabat,PostedPosted 2 days ago,https://ma.indeed.com/rc/clk?jk=7cdee8e1760aeeb3&bb=lNfs8jUPbsP2g5EPBMaq3uQemaD86mPqA0cg7yZZkIGchAHFnps1R0bDtY303yS6ibD4tdKo6fKZ1X9ha4OPaD4yHvJ3dVLTT0ZKoWGDsFtmDoIG4M-IG9ipPpufxUNW&xkcb=SoCT67M3A_-V1PgilT0LbzkdCdPP&fccid=8af18b60674515aa&vjs=3
Cuisinier,PROMAN MAROC,Rabat,PostedPosted 2 days ago,https://ma.indeed.com/rc/clk?jk=7cdee8e1760aeeb3&bb=lNfs8jUPbsP2g5EPBMaq3uQemaD86mPqA0cg7yZZkIGchAHFnps1R0bDtY303yS6ibD4tdKo6fKZ1X9ha4OPaD4yHvJ3dVLTT0ZKoWGDsFtmDoIG4M-IG9ipPpufxUNW&xkcb=SoCT67M3A_-V1PgilT0LbzkdCdPP&fccid=8af18b60674515aa&vjs=3
URGENT : Différents profils support pour centre de relation client - Projet étatique,Valtel,Rabat,PostedPosted 2 days ago,https://ma.indeed.com/rc/clk?jk=7cdee8e1760aeeb3&bb=lNfs8jUPbsP2g5EPBMaq3uQemaD86mPqA0cg7yZZkIGchAHFnps1R0bDtY303yS6ibD4tdKo6fKZ1X9ha4OPaD4yHvJ3dVLTT0ZKoWGDsFtmDoIG4M-IG9ipPpufxUNW&xkcb=SoCT67M3A_-V1PgilT0LbzkdCdPP&fccid=8af18b60674515aa&vjs=3
Conseiller commercial pour un comparateur en énergie – Rabat MAROC (CDI),ADM Value,Rabat,PostedPosted 2 days ago,https://ma.indeed.com/rc/clk?jk=7cdee8e1760aeeb3&bb=lNfs8jUPbsP2g5EPBMaq3uQemaD86mPqA0cg7yZZkIGchAHFnps1R0bDtY303yS6ibD4tdKo6fKZ1X9ha4OPaD4yHvJ3dVLTT0ZKoWGDsFtmDoIG4M-IG9ipPpufxUNW&xkcb=SoCT67M3A_-V1PgilT0LbzkdCdPP&fccid=8af18b60674515aa&vjs=3
Pilote développement Système (F/H),Bertrandt AG,Rabat,PostedPosted 2 days ago,https://ma.indeed.com/rc/clk?jk=7cdee8e1760aeeb3&bb=lNfs8jUPbsP2g5EPBMaq3uQemaD86mPqA0cg7yZZkIGchAHFnps1R0bDtY303yS6ibD4tdKo6fKZ1X9ha4OPaD4yHvJ3dVLTT0ZKoWGDsFtmDoIG4M-IG9ipPpufxUNW&xkcb=SoCT67M3A_-V1PgilT0LbzkdCdPP&fccid=8af18b60674515aa&vjs=3
un responsable matériel et engin,HD P,Rabat,PostedPosted 2 days ago,https://ma.indeed.com/rc/clk?jk=7cdee8e1760aeeb3&bb=lNfs8jUPbsP2g5EPBMaq3uQemaD86mPqA0cg7yZZkIGchAHFnps1R0bDtY303yS6ibD4tdKo6fKZ1X9ha4OPaD4yHvJ3dVLTT0ZKoWGDsFtmDoIG4M-IG9ipPpufxUNW&xkcb=SoCT67M3A_-V1PgilT0LbzkdCdPP&fccid=8af18b60674515aa&vjs=3
Architecte EE systèmes (AEES) (H/F),Bertrandt AG,Rabat,PostedPosted 2 days ago,https://ma.indeed.com/rc/clk?jk=7cdee8e1760aeeb3&bb=lNfs8jUPbsP2g5EPBMaq3uQemaD86mPqA0cg7yZZkIGchAHFnps1R0bDtY303yS6ibD4tdKo6fKZ1X9ha4OPaD4yHvJ3dVLTT0ZKoWGDsFtmDoIG4M-IG9ipPpufxUNW&xkcb=SoCT67M3A_-V1PgilT0LbzkdCdPP&fccid=8af18b60674515aa&vjs=3
Technicien en électrique mt et bt – rabat,ALOUSS,Rabat,PostedPosted 2 days ago,https://ma.indeed.com/rc/clk?jk=7cdee8e1760aeeb3&bb=lNfs8jUPbsP2g5EPBMaq3uQemaD86mPqA0cg7yZZkIGchAHFnps1R0bDtY303yS6ibD4tdKo6fKZ1X9ha4OPaD4yHvJ3dVLTT0ZKoWGDsFtmDoIG4M-IG9ipPpufxUNW&xkcb=SoCT67M3A_-V1PgilT0LbzkdCdPP&fccid=8af18b60674515aa&vjs=3
Customer Service Advisor - French,Foundever,Rabat,PostedPosted 2 days ago,https://ma.indeed.com/rc/clk?jk=7cdee8e1760aeeb3&bb=lNfs8jUPbsP2g5EPBMaq3uQemaD86mPqA0cg7yZZkIGchAHFnps1R0bDtY303yS6ibD4tdKo6fKZ1X9ha4OPaD4yHvJ3dVLTT0ZKoWGDsFtmDoIG4M-IG9ipPpufxUNW&xkcb=SoCT67M3A_-V1PgilT0LbzkdCdPP&fccid=8af18b60674515aa&vjs=3
Superviseur en prise de RDV Energie renouvelables,FtelZ services,Rabat,PostedPosted 2 days ago,https://ma.indeed.com/rc/clk?jk=7cdee8e1760aeeb3&bb=lNfs8jUPbsP2g5EPBMaq3uQemaD86mPqA0cg7yZZkIGchAHFnps1R0bDtY303yS6ibD4tdKo6fKZ1X9ha4OPaD4yHvJ3dVLTT0ZKoWGDsFtmDoIG4M-IG9ipPpufxUNW&xkcb=SoCT67M3A_-V1PgilT0LbzkdCdPP&fccid=8af18b60674515aa&vjs=3
Urgent à Rabat - conseillers technico-commerciaux pour un opérateur téléphonique français,Foundever,Rabat,PostedPosted 2 days ago,https://ma.indeed.com/rc/clk?jk=7cdee8e1760aeeb3&bb=lNfs8jUPbsP2g5EPBMaq3uQemaD86mPqA0cg7yZZkIGchAHFnps1R0bDtY303yS6ibD4tdKo6fKZ1X9ha4OPaD4yHvJ3dVLTT0ZKoWGDsFtmDoIG4M-IG9ipPpufxUNW&xkcb=SoCT67M3A_-V1PgilT0LbzkdCdPP&fccid=8af18b60674515aa&vjs=3
عقد عمل في كرواتيا - مُركِّب بلاط (Carrelage),STE ARFIQ DES ENERGIES RENOUVELABLES ET...,Rabat,EmployerActive 3 days ago,https://ma.indeed.com/rc/clk?jk=7cdee8e1760aeeb3&bb=lNfs8jUPbsP2g5EPBMaq3uQemaD86mPqA0cg7yZZkIGchAHFnps1R0bDtY303yS6ibD4tdKo6fKZ1X9ha4OPaD4yHvJ3dVLTT0ZKoWGDsFtmDoIG4M-IG9ipPpufxUNW&xkcb=SoCT67M3A_-V1PgilT0LbzkdCdPP&fccid=8af18b60674515aa&vjs=3
Centre d'appel /F,FELLAH EL AYACHI,Salé,EmployerActive 3 days ago,https://ma.indeed.com/rc/clk?jk=7cdee8e1760aeeb3&bb=lNfs8jUPbsP2g5EPBMaq3uQemaD86mPqA0cg7yZZkIGchAHFnps1R0bDtY303yS6ibD4tdKo6fKZ1X9ha4OPaD4yHvJ3dVLTT0ZKoWGDsFtmDoIG4M-IG9ipPpufxUNW&xkcb=SoCT67M3A_-V1PgilT0LbzkdCdPP&fccid=8af18b60674515aa&vjs=3
Data Analyste,STE ARFIQ DES ENERGIES RENOUVELABLES ET...,Rabat,EmployerActive 3 days ago,https://ma.indeed.com/rc/clk?jk=7cdee8e1760aeeb3&bb=lNfs8jUPbsP2g5EPBMaq3uQemaD86mPqA0cg7yZZkIGchAHFnps1R0bDtY303yS6ibD4tdKo6fKZ1X9ha4OPaD4yHvJ3dVLTT0ZKoWGDsFtmDoIG4M-IG9ipPpufxUNW&xkcb=SoCT67M3A_-V1PgilT0LbzkdCdPP&fccid=8af18b60674515aa&vjs=3
opérateur de machine a peinture,ALTERDECO,Salé,EmployerActive 3 days ago,https://ma.indeed.com/rc/clk?jk=7cdee8e1760aeeb3&bb=lNfs8jUPbsP2g5EPBMaq3uQemaD86mPqA0cg7yZZkIGchAHFnps1R0bDtY303yS6ibD4tdKo6fKZ1X9ha4OPaD4yHvJ3dVLTT0ZKoWGDsFtmDoIG4M-IG9ipPpufxUNW&xkcb=SoCT67M3A_-V1PgilT0LbzkdCdPP&fccid=8af18b60674515aa&vjs=3
Vendeur Centre D'appel À Distance - Spécialiste du E-commerce (Dropshipping) - Vente de Formations,ECOM MAGNET LLC,Rabat,EmployerActive 3 days ago,https://ma.indeed.com/rc/clk?jk=69745bfa27012afa&bb=-QoAElOMsdHCBJL4F_4iwWP3LmrF8dr674uRbPnpw7Gqg-EAxVLzGjkBq6vmxUqdy1Ycj70EF-Kp0rh9YQVA9HkzOzfqLuGLqmz29uy37lm5Sh8BycVLk3brS4K4tqWp&xkcb=SoAZ67M3A_-V4W2Jcp0LbzkdCdPP&fccid=cbcdcce27e509d5a&cmp=ECOM-MAGNET-LLC&ti=Agent+De+Centre+D%27appel&vjs=3
Translator/Secretary,"Embassy of Pakistan, Rabat Morocco",Rabat,EmployerActive 3 days ago,https://ma.indeed.com/rc/clk?jk=69745bfa27012afa&bb=-QoAElOMsdHCBJL4F_4iwWP3LmrF8dr674uRbPnpw7Gqg-EAxVLzGjkBq6vmxUqdy1Ycj70EF-Kp0rh9YQVA9HkzOzfqLuGLqmz29uy37lm5Sh8BycVLk3brS4K4tqWp&xkcb=SoAZ67M3A_-V4W2Jcp0LbzkdCdPP&fccid=cbcdcce27e509d5a&cmp=ECOM-MAGNET-LLC&ti=Agent+De+Centre+D%27appel&vjs=3
Infirmière,Mundiapolis,Rabat,EmployerActive 3 days ago,https://ma.indeed.com/rc/clk?jk=69745bfa27012afa&bb=-QoAElOMsdHCBJL4F_4iwWP3LmrF8dr674uRbPnpw7Gqg-EAxVLzGjkBq6vmxUqdy1Ycj70EF-Kp0rh9YQVA9HkzOzfqLuGLqmz29uy37lm5Sh8BycVLk3brS4K4tqWp&xkcb=SoAZ67M3A_-V4W2Jcp0LbzkdCdPP&fccid=cbcdcce27e509d5a&cmp=ECOM-MAGNET-LLC&ti=Agent+De+Centre+D%27appel&vjs=3
Agents de Recouvrement,STE ARFIQ DES ENERGIES RENOUVELABLES ET...,Rabat,EmployerActive 3 days ago,https://ma.indeed.com/rc/clk?jk=69745bfa27012afa&bb=-QoAElOMsdHCBJL4F_4iwWP3LmrF8dr674uRbPnpw7Gqg-EAxVLzGjkBq6vmxUqdy1Ycj70EF-Kp0rh9YQVA9HkzOzfqLuGLqmz29uy37lm5Sh8BycVLk3brS4K4tqWp&xkcb=SoAZ67M3A_-V4W2Jcp0LbzkdCdPP&fccid=cbcdcce27e509d5a&cmp=ECOM-MAGNET-LLC&ti=Agent+De+Centre+D%27appel&vjs=3
Téléconseillère,STE ARFIQ DES ENERGIES RENOUVELABLES ET...,Salé,EmployerActive 3 days ago,https://ma.indeed.com/rc/clk?jk=69745bfa27012afa&bb=-QoAElOMsdHCBJL4F_4iwWP3LmrF8dr674uRbPnpw7Gqg-EAxVLzGjkBq6vmxUqdy1Ycj70EF-Kp0rh9YQVA9HkzOzfqLuGLqmz29uy37lm5Sh8BycVLk3brS4K4tqWp&xkcb=SoAZ67M3A_-V4W2Jcp0LbzkdCdPP&fccid=cbcdcce27e509d5a&cmp=ECOM-MAGNET-LLC&ti=Agent+De+Centre+D%27appel&vjs=3
Agent Commercial,Imprimerie el maarif al jadida,Rabat,EmployerActive 3 days ago,https://ma.indeed.com/rc/clk?jk=69745bfa27012afa&bb=-QoAElOMsdHCBJL4F_4iwWP3LmrF8dr674uRbPnpw7Gqg-EAxVLzGjkBq6vmxUqdy1Ycj70EF-Kp0rh9YQVA9HkzOzfqLuGLqmz29uy37lm5Sh8BycVLk3brS4K4tqWp&xkcb=SoAZ67M3A_-V4W2Jcp0LbzkdCdPP&fccid=cbcdcce27e509d5a&cmp=ECOM-MAGNET-LLC&ti=Agent+De+Centre+D%27appel&vjs=3
Part-Time Shopify Store Design Specialist,Deltabrand Solution LLC,Salé,PostedPosted 2 days ago,https://ma.indeed.com/rc/clk?jk=69745bfa27012afa&bb=-QoAElOMsdHCBJL4F_4iwWP3LmrF8dr674uRbPnpw7Gqg-EAxVLzGjkBq6vmxUqdy1Ycj70EF-Kp0rh9YQVA9HkzOzfqLuGLqmz29uy37lm5Sh8BycVLk3brS4K4tqWp&xkcb=SoAZ67M3A_-V4W2Jcp0LbzkdCdPP&fccid=cbcdcce27e509d5a&cmp=ECOM-MAGNET-LLC&ti=Agent+De+Centre+D%27appel&vjs=3
TELECONSEILLER PROJET SUISSE,COMPAREPRIME,Témara,EmployerActive 3 days ago,https://ma.indeed.com/rc/clk?jk=69745bfa27012afa&bb=-QoAElOMsdHCBJL4F_4iwWP3LmrF8dr674uRbPnpw7Gqg-EAxVLzGjkBq6vmxUqdy1Ycj70EF-Kp0rh9YQVA9HkzOzfqLuGLqmz29uy37lm5Sh8BycVLk3brS4K4tqWp&xkcb=SoAZ67M3A_-V4W2Jcp0LbzkdCdPP&fccid=cbcdcce27e509d5a&cmp=ECOM-MAGNET-LLC&ti=Agent+De+Centre+D%27appel&vjs=3
Offre d'emploi avec max d'avantage /F,STE ARFIQ DES ENERGIES RENOUVELABLES ET...,Salé,EmployerActive 3 days ago,https://ma.indeed.com/rc/clk?jk=69745bfa27012afa&bb=-QoAElOMsdHCBJL4F_4iwWP3LmrF8dr674uRbPnpw7Gqg-EAxVLzGjkBq6vmxUqdy1Ycj70EF-Kp0rh9YQVA9HkzOzfqLuGLqmz29uy37lm5Sh8BycVLk3brS4K4tqWp&xkcb=SoAZ67M3A_-V4W2Jcp0LbzkdCdPP&fccid=cbcdcce27e509d5a&cmp=ECOM-MAGNET-LLC&ti=Agent+De+Centre+D%27appel&vjs=3
Instructeur en Prise de Parole en Public et Entrepreneuriat pour Enfants pour Camp d'Été,Algorithmic School Rabat,Rabat,EmployerActive 3 days ago,https://ma.indeed.com/rc/clk?jk=69745bfa27012afa&bb=-QoAElOMsdHCBJL4F_4iwWP3LmrF8dr674uRbPnpw7Gqg-EAxVLzGjkBq6vmxUqdy1Ycj70EF-Kp0rh9YQVA9HkzOzfqLuGLqmz29uy37lm5Sh8BycVLk3brS4K4tqWp&xkcb=SoAZ67M3A_-V4W2Jcp0LbzkdCdPP&fccid=cbcdcce27e509d5a&cmp=ECOM-MAGNET-LLC&ti=Agent+De+Centre+D%27appel&vjs=3
TÉLÉCONSEILLER EN TÉLÉVENTE COMPAREPRIME,COMPAREPRIME,Témara,EmployerActive 3 days ago,https://ma.indeed.com/rc/clk?jk=69745bfa27012afa&bb=-QoAElOMsdHCBJL4F_4iwWP3LmrF8dr674uRbPnpw7Gqg-EAxVLzGjkBq6vmxUqdy1Ycj70EF-Kp0rh9YQVA9HkzOzfqLuGLqmz29uy37lm5Sh8BycVLk3brS4K4tqWp&xkcb=SoAZ67M3A_-V4W2Jcp0LbzkdCdPP&fccid=cbcdcce27e509d5a&cmp=ECOM-MAGNET-LLC&ti=Agent+De+Centre+D%27appel&vjs=3
Tuteur/Professeur de Français Virtuel,Apprendre Franco-fun!,Rabat,EmployerActive 3 days ago,https://ma.indeed.com/rc/clk?jk=69745bfa27012afa&bb=-QoAElOMsdHCBJL4F_4iwWP3LmrF8dr674uRbPnpw7Gqg-EAxVLzGjkBq6vmxUqdy1Ycj70EF-Kp0rh9YQVA9HkzOzfqLuGLqmz29uy37lm5Sh8BycVLk3brS4K4tqWp&xkcb=SoAZ67M3A_-V4W2Jcp0LbzkdCdPP&fccid=cbcdcce27e509d5a&cmp=ECOM-MAGNET-LLC&ti=Agent+De+Centre+D%27appel&vjs=3
Consultant Odoo Certifié,Caisse Manager,Rabat,EmployerActive 3 days ago,https://ma.indeed.com/rc/clk?jk=69745bfa27012afa&bb=-QoAElOMsdHCBJL4F_4iwWP3LmrF8dr674uRbPnpw7Gqg-EAxVLzGjkBq6vmxUqdy1Ycj70EF-Kp0rh9YQVA9HkzOzfqLuGLqmz29uy37lm5Sh8BycVLk3brS4K4tqWp&xkcb=SoAZ67M3A_-V4W2Jcp0LbzkdCdPP&fccid=cbcdcce27e509d5a&cmp=ECOM-MAGNET-LLC&ti=Agent+De+Centre+D%27appel&vjs=3
TELECONSEILLER,COMPAREPRIME,Témara,EmployerActive 3 days ago,https://ma.indeed.com/rc/clk?jk=69745bfa27012afa&bb=-QoAElOMsdHCBJL4F_4iwWP3LmrF8dr674uRbPnpw7Gqg-EAxVLzGjkBq6vmxUqdy1Ycj70EF-Kp0rh9YQVA9HkzOzfqLuGLqmz29uy37lm5Sh8BycVLk3brS4K4tqWp&xkcb=SoAZ67M3A_-V4W2Jcp0LbzkdCdPP&fccid=cbcdcce27e509d5a&cmp=ECOM-MAGNET-LLC&ti=Agent+De+Centre+D%27appel&vjs=3
TELECONSEILLER AVEC EXPERENCE DANS LA PV (photovoltaïque),COMPAREPRIME,Témara,EmployerActive 3 days ago,https://ma.indeed.com/rc/clk?jk=69745bfa27012afa&bb=-QoAElOMsdHCBJL4F_4iwWP3LmrF8dr674uRbPnpw7Gqg-EAxVLzGjkBq6vmxUqdy1Ycj70EF-Kp0rh9YQVA9HkzOzfqLuGLqmz29uy37lm5Sh8BycVLk3brS4K4tqWp&xkcb=SoAZ67M3A_-V4W2Jcp0LbzkdCdPP&fccid=cbcdcce27e509d5a&cmp=ECOM-MAGNET-LLC&ti=Agent+De+Centre+D%27appel&vjs=3
Chargé de clientèle francophone en réception d'appels BtoB (H/F),CoManagers Assurances,Rabat,EmployerActive 3 days ago,https://ma.indeed.com/rc/clk?jk=54c2b58fa8eb5a53&bb=agcA5kgC-LkxlhOVQPJBti4dwNXqoGUJ_r1uaLMavqCr2rVwiwnba3Ph2fJhsndQBMicm5UcW-NszWft9obFdBIyHxJpsbdvIF64nug2AznZBJDk5TOxQ1hPM8SHF61-&xkcb=SoD367M3A_-VvlAilT0LbzkdCdPP&fccid=28b0cde9a6492601&cmp=CoManagers-Assurances&ti=Charg%C3%A9+De+Client%C3%A8le&vjs=3
"Instructeurs en Scratch, Roblox Studio, Python, Unity, C# et JavaScript pour Enfants",Algorithmic School Rabat,Rabat,EmployerActive 3 days ago,https://ma.indeed.com/rc/clk?jk=54c2b58fa8eb5a53&bb=agcA5kgC-LkxlhOVQPJBti4dwNXqoGUJ_r1uaLMavqCr2rVwiwnba3Ph2fJhsndQBMicm5UcW-NszWft9obFdBIyHxJpsbdvIF64nug2AznZBJDk5TOxQ1hPM8SHF61-&xkcb=SoD367M3A_-VvlAilT0LbzkdCdPP&fccid=28b0cde9a6492601&cmp=CoManagers-Assurances&ti=Charg%C3%A9+De+Client%C3%A8le&vjs=3
Responsable des systèmes d'information H/F,NEXTDEFENSE,Rabat,EmployerActive 3 days ago,https://ma.indeed.com/rc/clk?jk=54c2b58fa8eb5a53&bb=agcA5kgC-LkxlhOVQPJBti4dwNXqoGUJ_r1uaLMavqCr2rVwiwnba3Ph2fJhsndQBMicm5UcW-NszWft9obFdBIyHxJpsbdvIF64nug2AznZBJDk5TOxQ1hPM8SHF61-&xkcb=SoD367M3A_-VvlAilT0LbzkdCdPP&fccid=28b0cde9a6492601&cmp=CoManagers-Assurances&ti=Charg%C3%A9+De+Client%C3%A8le&vjs=3
أستاذ اللغة الايطالية,GIAS,Salé,EmployerActive 3 days ago,https://ma.indeed.com/rc/clk?jk=54c2b58fa8eb5a53&bb=agcA5kgC-LkxlhOVQPJBti4dwNXqoGUJ_r1uaLMavqCr2rVwiwnba3Ph2fJhsndQBMicm5UcW-NszWft9obFdBIyHxJpsbdvIF64nug2AznZBJDk5TOxQ1hPM8SHF61-&xkcb=SoD367M3A_-VvlAilT0LbzkdCdPP&fccid=28b0cde9a6492601&cmp=CoManagers-Assurances&ti=Charg%C3%A9+De+Client%C3%A8le&vjs=3
Commerciaux H/F avec expérience en prévoyance (l'assurance),Ferja-assur,Témara,EmployerActive 3 days ago,https://ma.indeed.com/rc/clk?jk=54c2b58fa8eb5a53&bb=agcA5kgC-LkxlhOVQPJBti4dwNXqoGUJ_r1uaLMavqCr2rVwiwnba3Ph2fJhsndQBMicm5UcW-NszWft9obFdBIyHxJpsbdvIF64nug2AznZBJDk5TOxQ1hPM8SHF61-&xkcb=SoD367M3A_-VvlAilT0LbzkdCdPP&fccid=28b0cde9a6492601&cmp=CoManagers-Assurances&ti=Charg%C3%A9+De+Client%C3%A8le&vjs=3
Enseignant docteur en informatique /Rabat,EMSI RABAT,Rabat,EmployerActive 3 days ago,https://ma.indeed.com/rc/clk?jk=54c2b58fa8eb5a53&bb=agcA5kgC-LkxlhOVQPJBti4dwNXqoGUJ_r1uaLMavqCr2rVwiwnba3Ph2fJhsndQBMicm5UcW-NszWft9obFdBIyHxJpsbdvIF64nug2AznZBJDk5TOxQ1hPM8SHF61-&xkcb=SoD367M3A_-VvlAilT0LbzkdCdPP&fccid=28b0cde9a6492601&cmp=CoManagers-Assurances&ti=Charg%C3%A9+De+Client%C3%A8le&vjs=3
Stage Non Rémunéré dans le Domaine des Centres d'Appel (TELECONSEILLER),COMPAREPRIME,Témara,EmployerActive 3 days ago,https://ma.indeed.com/rc/clk?jk=54c2b58fa8eb5a53&bb=agcA5kgC-LkxlhOVQPJBti4dwNXqoGUJ_r1uaLMavqCr2rVwiwnba3Ph2fJhsndQBMicm5UcW-NszWft9obFdBIyHxJpsbdvIF64nug2AznZBJDk5TOxQ1hPM8SHF61-&xkcb=SoD367M3A_-VvlAilT0LbzkdCdPP&fccid=28b0cde9a6492601&cmp=CoManagers-Assurances&ti=Charg%C3%A9+De+Client%C3%A8le&vjs=3
Assistante/réception stage pré-embauche.,A Rabat agdal,Rabat,PostedPosted 3 days ago,https://ma.indeed.com/rc/clk?jk=54c2b58fa8eb5a53&bb=agcA5kgC-LkxlhOVQPJBti4dwNXqoGUJ_r1uaLMavqCr2rVwiwnba3Ph2fJhsndQBMicm5UcW-NszWft9obFdBIyHxJpsbdvIF64nug2AznZBJDk5TOxQ1hPM8SHF61-&xkcb=SoD367M3A_-VvlAilT0LbzkdCdPP&fccid=28b0cde9a6492601&cmp=CoManagers-Assurances&ti=Charg%C3%A9+De+Client%C3%A8le&vjs=3
Commerciale pour showroom temara,IMPORTATEUR DISTRIBUTEUR,Témara,PostedPosted 3 days ago,https://ma.indeed.com/rc/clk?jk=54c2b58fa8eb5a53&bb=agcA5kgC-LkxlhOVQPJBti4dwNXqoGUJ_r1uaLMavqCr2rVwiwnba3Ph2fJhsndQBMicm5UcW-NszWft9obFdBIyHxJpsbdvIF64nug2AznZBJDk5TOxQ1hPM8SHF61-&xkcb=SoD367M3A_-VvlAilT0LbzkdCdPP&fccid=28b0cde9a6492601&cmp=CoManagers-Assurances&ti=Charg%C3%A9+De+Client%C3%A8le&vjs=3
Chargé de recrutement,ECG Assurances Maroc,Rabat,PostedPosted 3 days ago,https://ma.indeed.com/rc/clk?jk=54c2b58fa8eb5a53&bb=agcA5kgC-LkxlhOVQPJBti4dwNXqoGUJ_r1uaLMavqCr2rVwiwnba3Ph2fJhsndQBMicm5UcW-NszWft9obFdBIyHxJpsbdvIF64nug2AznZBJDk5TOxQ1hPM8SHF61-&xkcb=SoD367M3A_-VvlAilT0LbzkdCdPP&fccid=28b0cde9a6492601&cmp=CoManagers-Assurances&ti=Charg%C3%A9+De+Client%C3%A8le&vjs=3
Aide comptable,fiduciaire,Témara,PostedPosted 3 days ago,https://ma.indeed.com/rc/clk?jk=54c2b58fa8eb5a53&bb=agcA5kgC-LkxlhOVQPJBti4dwNXqoGUJ_r1uaLMavqCr2rVwiwnba3Ph2fJhsndQBMicm5UcW-NszWft9obFdBIyHxJpsbdvIF64nug2AznZBJDk5TOxQ1hPM8SHF61-&xkcb=SoD367M3A_-VvlAilT0LbzkdCdPP&fccid=28b0cde9a6492601&cmp=CoManagers-Assurances&ti=Charg%C3%A9+De+Client%C3%A8le&vjs=3
Technicien Supérieur de Gestion - Région RABAT-SALE-KENITRA,LPEE,Rabat,PostedPosted 3 days ago,https://ma.indeed.com/rc/clk?jk=54c2b58fa8eb5a53&bb=agcA5kgC-LkxlhOVQPJBti4dwNXqoGUJ_r1uaLMavqCr2rVwiwnba3Ph2fJhsndQBMicm5UcW-NszWft9obFdBIyHxJpsbdvIF64nug2AznZBJDk5TOxQ1hPM8SHF61-&xkcb=SoD367M3A_-VvlAilT0LbzkdCdPP&fccid=28b0cde9a6492601&cmp=CoManagers-Assurances&ti=Charg%C3%A9+De+Client%C3%A8le&vjs=3
Cuisinier,BEST PROFIL,Rabat,PostedPosted 3 days ago,https://ma.indeed.com/rc/clk?jk=54c2b58fa8eb5a53&bb=agcA5kgC-LkxlhOVQPJBti4dwNXqoGUJ_r1uaLMavqCr2rVwiwnba3Ph2fJhsndQBMicm5UcW-NszWft9obFdBIyHxJpsbdvIF64nug2AznZBJDk5TOxQ1hPM8SHF61-&xkcb=SoD367M3A_-VvlAilT0LbzkdCdPP&fccid=28b0cde9a6492601&cmp=CoManagers-Assurances&ti=Charg%C3%A9+De+Client%C3%A8le&vjs=3
Homologation Engineer,Lear Corporation,Rabat,PostedPosted 3 days ago,https://ma.indeed.com/rc/clk?jk=54c2b58fa8eb5a53&bb=agcA5kgC-LkxlhOVQPJBti4dwNXqoGUJ_r1uaLMavqCr2rVwiwnba3Ph2fJhsndQBMicm5UcW-NszWft9obFdBIyHxJpsbdvIF64nug2AznZBJDk5TOxQ1hPM8SHF61-&xkcb=SoD367M3A_-VvlAilT0LbzkdCdPP&fccid=28b0cde9a6492601&cmp=CoManagers-Assurances&ti=Charg%C3%A9+De+Client%C3%A8le&vjs=3
Ingénieur Business Intelligence (BI),Safari Import Export,Rabat,PostedPosted 3 days ago,https://ma.indeed.com/rc/clk?jk=54c2b58fa8eb5a53&bb=agcA5kgC-LkxlhOVQPJBti4dwNXqoGUJ_r1uaLMavqCr2rVwiwnba3Ph2fJhsndQBMicm5UcW-NszWft9obFdBIyHxJpsbdvIF64nug2AznZBJDk5TOxQ1hPM8SHF61-&xkcb=SoD367M3A_-VvlAilT0LbzkdCdPP&fccid=28b0cde9a6492601&cmp=CoManagers-Assurances&ti=Charg%C3%A9+De+Client%C3%A8le&vjs=3
Commercial Sédentaire avec grande possibilité d'évolution,NOMATIS,Rabat,PostedPosted 3 days ago,https://ma.indeed.com/rc/clk?jk=5cf299c7bb0046bb&bb=8dRTvAHuK1163X-UfUZObV5wlLq1GrRW40TkaYdiaimGFZQksP_jvEjdsYNf_iSEAJAqbOBAA-2Yv2MJib3yU8UEImQXnLNXaa2yrW4mkv5r54IZf4D1F4BoINOZcxyY&xkcb=SoDo67M3A_-VVA2aV50NbzkdCdPP&fccid=2881c741688e72f6&vjs=3
Technicien en industrie automatisme,EA PRO,Rabat,PostedPosted 3 days ago,https://ma.indeed.com/rc/clk?jk=5cf299c7bb0046bb&bb=8dRTvAHuK1163X-UfUZObV5wlLq1GrRW40TkaYdiaimGFZQksP_jvEjdsYNf_iSEAJAqbOBAA-2Yv2MJib3yU8UEImQXnLNXaa2yrW4mkv5r54IZf4D1F4BoINOZcxyY&xkcb=SoDo67M3A_-VVA2aV50NbzkdCdPP&fccid=2881c741688e72f6&vjs=3
Ingénieur en electrotechnique / fluides,Haroon Property Management Services (HPMS),Rabat,PostedPosted 3 days ago,https://ma.indeed.com/rc/clk?jk=5cf299c7bb0046bb&bb=8dRTvAHuK1163X-UfUZObV5wlLq1GrRW40TkaYdiaimGFZQksP_jvEjdsYNf_iSEAJAqbOBAA-2Yv2MJib3yU8UEImQXnLNXaa2yrW4mkv5r54IZf4D1F4BoINOZcxyY&xkcb=SoDo67M3A_-VVA2aV50NbzkdCdPP&fccid=2881c741688e72f6&vjs=3
Techlead Java Fullsatck (F/H) – Rabat (Maroc),Cegedim Group,Rabat,PostedPosted 3 days ago,https://ma.indeed.com/rc/clk?jk=5cf299c7bb0046bb&bb=8dRTvAHuK1163X-UfUZObV5wlLq1GrRW40TkaYdiaimGFZQksP_jvEjdsYNf_iSEAJAqbOBAA-2Yv2MJib3yU8UEImQXnLNXaa2yrW4mkv5r54IZf4D1F4BoINOZcxyY&xkcb=SoDo67M3A_-VVA2aV50NbzkdCdPP&fccid=2881c741688e72f6&vjs=3
Ingénieur Test fonctionnel Senior (H/F)- Rabat,Cegedim Group,Rabat,PostedPosted 3 days ago,https://ma.indeed.com/rc/clk?jk=5cf299c7bb0046bb&bb=8dRTvAHuK1163X-UfUZObV5wlLq1GrRW40TkaYdiaimGFZQksP_jvEjdsYNf_iSEAJAqbOBAA-2Yv2MJib3yU8UEImQXnLNXaa2yrW4mkv5r54IZf4D1F4BoINOZcxyY&xkcb=SoDo67M3A_-VVA2aV50NbzkdCdPP&fccid=2881c741688e72f6&vjs=3
CONSEILLERS EN PRISE DE RDV ENERGIE RENOUVELABLE,FtelZ services,Rabat,PostedPosted 3 days ago,https://ma.indeed.com/rc/clk?jk=5cf299c7bb0046bb&bb=8dRTvAHuK1163X-UfUZObV5wlLq1GrRW40TkaYdiaimGFZQksP_jvEjdsYNf_iSEAJAqbOBAA-2Yv2MJib3yU8UEImQXnLNXaa2yrW4mkv5r54IZf4D1F4BoINOZcxyY&xkcb=SoDo67M3A_-VVA2aV50NbzkdCdPP&fccid=2881c741688e72f6&vjs=3
Secrétaire,Union Holding,Rabat,EmployerActive 3 days ago,https://ma.indeed.com/rc/clk?jk=5cf299c7bb0046bb&bb=8dRTvAHuK1163X-UfUZObV5wlLq1GrRW40TkaYdiaimGFZQksP_jvEjdsYNf_iSEAJAqbOBAA-2Yv2MJib3yU8UEImQXnLNXaa2yrW4mkv5r54IZf4D1F4BoINOZcxyY&xkcb=SoDo67M3A_-VVA2aV50NbzkdCdPP&fccid=2881c741688e72f6&vjs=3
Téléconseillers debutants,Pereine assur,Rabat,EmployerActive 4 days ago,https://ma.indeed.com/rc/clk?jk=5cf299c7bb0046bb&bb=8dRTvAHuK1163X-UfUZObV5wlLq1GrRW40TkaYdiaimGFZQksP_jvEjdsYNf_iSEAJAqbOBAA-2Yv2MJib3yU8UEImQXnLNXaa2yrW4mkv5r54IZf4D1F4BoINOZcxyY&xkcb=SoDo67M3A_-VVA2aV50NbzkdCdPP&fccid=2881c741688e72f6&vjs=3
Assistant administratif /F,Pereine Recrute,Témara,EmployerActive 3 days ago,https://ma.indeed.com/rc/clk?jk=5cf299c7bb0046bb&bb=8dRTvAHuK1163X-UfUZObV5wlLq1GrRW40TkaYdiaimGFZQksP_jvEjdsYNf_iSEAJAqbOBAA-2Yv2MJib3yU8UEImQXnLNXaa2yrW4mkv5r54IZf4D1F4BoINOZcxyY&xkcb=SoDo67M3A_-VVA2aV50NbzkdCdPP&fccid=2881c741688e72f6&vjs=3
Offre d'emploi avec max d'avantage /F,FELLAH EL AYACHI,Rabat,EmployerActive 3 days ago,https://ma.indeed.com/rc/clk?jk=5cf299c7bb0046bb&bb=8dRTvAHuK1163X-UfUZObV5wlLq1GrRW40TkaYdiaimGFZQksP_jvEjdsYNf_iSEAJAqbOBAA-2Yv2MJib3yU8UEImQXnLNXaa2yrW4mkv5r54IZf4D1F4BoINOZcxyY&xkcb=SoDo67M3A_-VVA2aV50NbzkdCdPP&fccid=2881c741688e72f6&vjs=3
Instructeurs Polyvalents et Innovants pour Camp d'Été,Algorithmic School Rabat,Salé,EmployerActive 3 days ago,https://ma.indeed.com/rc/clk?jk=5cf299c7bb0046bb&bb=8dRTvAHuK1163X-UfUZObV5wlLq1GrRW40TkaYdiaimGFZQksP_jvEjdsYNf_iSEAJAqbOBAA-2Yv2MJib3yU8UEImQXnLNXaa2yrW4mkv5r54IZf4D1F4BoINOZcxyY&xkcb=SoDo67M3A_-VVA2aV50NbzkdCdPP&fccid=2881c741688e72f6&vjs=3
Audit et Contrôle de Gestion,Union Holding,Rabat,EmployerActive 3 days ago,https://ma.indeed.com/rc/clk?jk=5cf299c7bb0046bb&bb=8dRTvAHuK1163X-UfUZObV5wlLq1GrRW40TkaYdiaimGFZQksP_jvEjdsYNf_iSEAJAqbOBAA-2Yv2MJib3yU8UEImQXnLNXaa2yrW4mkv5r54IZf4D1F4BoINOZcxyY&xkcb=SoDo67M3A_-VVA2aV50NbzkdCdPP&fccid=2881c741688e72f6&vjs=3
Manager de Restaurant,Union Holding,Rabat,EmployerActive 3 days ago,https://ma.indeed.com/rc/clk?jk=5cf299c7bb0046bb&bb=8dRTvAHuK1163X-UfUZObV5wlLq1GrRW40TkaYdiaimGFZQksP_jvEjdsYNf_iSEAJAqbOBAA-2Yv2MJib3yU8UEImQXnLNXaa2yrW4mkv5r54IZf4D1F4BoINOZcxyY&xkcb=SoDo67M3A_-VVA2aV50NbzkdCdPP&fccid=2881c741688e72f6&vjs=3
Technicien Réseau,Caisse Manager,Rabat,EmployerActive 3 days ago,https://ma.indeed.com/rc/clk?jk=5cf299c7bb0046bb&bb=8dRTvAHuK1163X-UfUZObV5wlLq1GrRW40TkaYdiaimGFZQksP_jvEjdsYNf_iSEAJAqbOBAA-2Yv2MJib3yU8UEImQXnLNXaa2yrW4mkv5r54IZf4D1F4BoINOZcxyY&xkcb=SoDo67M3A_-VVA2aV50NbzkdCdPP&fccid=2881c741688e72f6&vjs=3
Assistant(e) comptable et facturation,ML NYOU,Rabat,EmployerActive 3 days ago,https://ma.indeed.com/rc/clk?jk=5cf299c7bb0046bb&bb=8dRTvAHuK1163X-UfUZObV5wlLq1GrRW40TkaYdiaimGFZQksP_jvEjdsYNf_iSEAJAqbOBAA-2Yv2MJib3yU8UEImQXnLNXaa2yrW4mkv5r54IZf4D1F4BoINOZcxyY&xkcb=SoDo67M3A_-VVA2aV50NbzkdCdPP&fccid=2881c741688e72f6&vjs=3
Professeur d'Informatique,Union Holding,Rabat,EmployerActive 3 days ago,https://ma.indeed.com/rc/clk?jk=cd3b4c033d908818&bb=UV-7BT5L8skp6qiuu-grTYaIVlrlFTl7760TyLkHYxOa9cKY03gQYM3shVHXtQr4tovbA60-GNJ3kIr1mcCi_XUSGGIxsZ0bLdzcyriX1FAcgmDmmZjaUDLgmjAfiOjj&xkcb=SoBN67M3A_-VYx0Dl50KbzkdCdPP&fccid=2594938d712e29c4&cmp=Union-Holding&ti=Professeur+D%27informatique&vjs=3
MANAGER DE RESTEAURANT/BOULANGERIE/PATISSERIE DE LUXE,BestCarriere,Rabat,EmployerActive 3 days ago,https://ma.indeed.com/rc/clk?jk=cd3b4c033d908818&bb=UV-7BT5L8skp6qiuu-grTYaIVlrlFTl7760TyLkHYxOa9cKY03gQYM3shVHXtQr4tovbA60-GNJ3kIr1mcCi_XUSGGIxsZ0bLdzcyriX1FAcgmDmmZjaUDLgmjAfiOjj&xkcb=SoBN67M3A_-VYx0Dl50KbzkdCdPP&fccid=2594938d712e29c4&cmp=Union-Holding&ti=Professeur+D%27informatique&vjs=3
Un(e) contrôleur de gestion sénior,BestCarriere,Rabat,EmployerActive 3 days ago,https://ma.indeed.com/rc/clk?jk=cd3b4c033d908818&bb=UV-7BT5L8skp6qiuu-grTYaIVlrlFTl7760TyLkHYxOa9cKY03gQYM3shVHXtQr4tovbA60-GNJ3kIr1mcCi_XUSGGIxsZ0bLdzcyriX1FAcgmDmmZjaUDLgmjAfiOjj&xkcb=SoBN67M3A_-VYx0Dl50KbzkdCdPP&fccid=2594938d712e29c4&cmp=Union-Holding&ti=Professeur+D%27informatique&vjs=3
Enseignant(e) de français à distance - Maroc,Bonjour Tutors,Rabat,EmployerActive 3 days ago,https://ma.indeed.com/rc/clk?jk=cd3b4c033d908818&bb=UV-7BT5L8skp6qiuu-grTYaIVlrlFTl7760TyLkHYxOa9cKY03gQYM3shVHXtQr4tovbA60-GNJ3kIr1mcCi_XUSGGIxsZ0bLdzcyriX1FAcgmDmmZjaUDLgmjAfiOjj&xkcb=SoBN67M3A_-VYx0Dl50KbzkdCdPP&fccid=2594938d712e29c4&cmp=Union-Holding&ti=Professeur+D%27informatique&vjs=3
Stage pré-embauche Secretaire comptable,Pure Fresh,Salé,EmployerActive 3 days ago,https://ma.indeed.com/rc/clk?jk=cd3b4c033d908818&bb=UV-7BT5L8skp6qiuu-grTYaIVlrlFTl7760TyLkHYxOa9cKY03gQYM3shVHXtQr4tovbA60-GNJ3kIr1mcCi_XUSGGIxsZ0bLdzcyriX1FAcgmDmmZjaUDLgmjAfiOjj&xkcb=SoBN67M3A_-VYx0Dl50KbzkdCdPP&fccid=2594938d712e29c4&cmp=Union-Holding&ti=Professeur+D%27informatique&vjs=3
Commercial sédentaire B2B à Tanger,MYOPLA,Rabat,EmployerActive 3 days ago,https://ma.indeed.com/rc/clk?jk=cd3b4c033d908818&bb=UV-7BT5L8skp6qiuu-grTYaIVlrlFTl7760TyLkHYxOa9cKY03gQYM3shVHXtQr4tovbA60-GNJ3kIr1mcCi_XUSGGIxsZ0bLdzcyriX1FAcgmDmmZjaUDLgmjAfiOjj&xkcb=SoBN67M3A_-VYx0Dl50KbzkdCdPP&fccid=2594938d712e29c4&cmp=Union-Holding&ti=Professeur+D%27informatique&vjs=3
téléconseiller Francophone débutants,Pereine Recrute,Rabat,EmployerActive 3 days ago,https://ma.indeed.com/rc/clk?jk=cd3b4c033d908818&bb=UV-7BT5L8skp6qiuu-grTYaIVlrlFTl7760TyLkHYxOa9cKY03gQYM3shVHXtQr4tovbA60-GNJ3kIr1mcCi_XUSGGIxsZ0bLdzcyriX1FAcgmDmmZjaUDLgmjAfiOjj&xkcb=SoBN67M3A_-VYx0Dl50KbzkdCdPP&fccid=2594938d712e29c4&cmp=Union-Holding&ti=Professeur+D%27informatique&vjs=3
Centre d'appel /F,STE ARFIQ DES ENERGIES RENOUVELABLES ET...,Salé,EmployerActive 3 days ago,https://ma.indeed.com/rc/clk?jk=cd3b4c033d908818&bb=UV-7BT5L8skp6qiuu-grTYaIVlrlFTl7760TyLkHYxOa9cKY03gQYM3shVHXtQr4tovbA60-GNJ3kIr1mcCi_XUSGGIxsZ0bLdzcyriX1FAcgmDmmZjaUDLgmjAfiOjj&xkcb=SoBN67M3A_-VYx0Dl50KbzkdCdPP&fccid=2594938d712e29c4&cmp=Union-Holding&ti=Professeur+D%27informatique&vjs=3
Webdesigner UX/UI,PROFFICIIS,Rabat,EmployerActive 3 days ago,https://ma.indeed.com/rc/clk?jk=cd3b4c033d908818&bb=UV-7BT5L8skp6qiuu-grTYaIVlrlFTl7760TyLkHYxOa9cKY03gQYM3shVHXtQr4tovbA60-GNJ3kIr1mcCi_XUSGGIxsZ0bLdzcyriX1FAcgmDmmZjaUDLgmjAfiOjj&xkcb=SoBN67M3A_-VYx0Dl50KbzkdCdPP&fccid=2594938d712e29c4&cmp=Union-Holding&ti=Professeur+D%27informatique&vjs=3
Commercial(e) en émission d'appels,Matys Support Services SA,Rabat,EmployerActive 3 days ago,https://ma.indeed.com/rc/clk?jk=cd3b4c033d908818&bb=UV-7BT5L8skp6qiuu-grTYaIVlrlFTl7760TyLkHYxOa9cKY03gQYM3shVHXtQr4tovbA60-GNJ3kIr1mcCi_XUSGGIxsZ0bLdzcyriX1FAcgmDmmZjaUDLgmjAfiOjj&xkcb=SoBN67M3A_-VYx0Dl50KbzkdCdPP&fccid=2594938d712e29c4&cmp=Union-Holding&ti=Professeur+D%27informatique&vjs=3
Teleconseillere Francophone /F,STE ARFIQ DES ENERGIES RENOUVELABLES ET...,Salé,EmployerActive 3 days ago,https://ma.indeed.com/rc/clk?jk=cd3b4c033d908818&bb=UV-7BT5L8skp6qiuu-grTYaIVlrlFTl7760TyLkHYxOa9cKY03gQYM3shVHXtQr4tovbA60-GNJ3kIr1mcCi_XUSGGIxsZ0bLdzcyriX1FAcgmDmmZjaUDLgmjAfiOjj&xkcb=SoBN67M3A_-VYx0Dl50KbzkdCdPP&fccid=2594938d712e29c4&cmp=Union-Holding&ti=Professeur+D%27informatique&vjs=3
DevOps Expérience 5ans+ (opportunité à l'étranger),Automize,Rabat,EmployerActive 3 days ago,https://ma.indeed.com/rc/clk?jk=cd3b4c033d908818&bb=UV-7BT5L8skp6qiuu-grTYaIVlrlFTl7760TyLkHYxOa9cKY03gQYM3shVHXtQr4tovbA60-GNJ3kIr1mcCi_XUSGGIxsZ0bLdzcyriX1FAcgmDmmZjaUDLgmjAfiOjj&xkcb=SoBN67M3A_-VYx0Dl50KbzkdCdPP&fccid=2594938d712e29c4&cmp=Union-Holding&ti=Professeur+D%27informatique&vjs=3
Agent de logistique (Coursier),Masterlab,Rabat,PostedPosted 4 days ago,https://ma.indeed.com/rc/clk?jk=cd3b4c033d908818&bb=UV-7BT5L8skp6qiuu-grTYaIVlrlFTl7760TyLkHYxOa9cKY03gQYM3shVHXtQr4tovbA60-GNJ3kIr1mcCi_XUSGGIxsZ0bLdzcyriX1FAcgmDmmZjaUDLgmjAfiOjj&xkcb=SoBN67M3A_-VYx0Dl50KbzkdCdPP&fccid=2594938d712e29c4&cmp=Union-Holding&ti=Professeur+D%27informatique&vjs=3
Aide Pharmacien,None,Salé,PostedPosted 4 days ago,https://ma.indeed.com/rc/clk?jk=cd3b4c033d908818&bb=UV-7BT5L8skp6qiuu-grTYaIVlrlFTl7760TyLkHYxOa9cKY03gQYM3shVHXtQr4tovbA60-GNJ3kIr1mcCi_XUSGGIxsZ0bLdzcyriX1FAcgmDmmZjaUDLgmjAfiOjj&xkcb=SoBN67M3A_-VYx0Dl50KbzkdCdPP&fccid=2594938d712e29c4&cmp=Union-Holding&ti=Professeur+D%27informatique&vjs=3
Expert en Mutuelle santé,NET COURTAGE ASSURANCES (NCA),Rabat,EmployerActive 3 days ago,https://ma.indeed.com/rc/clk?jk=cd3b4c033d908818&bb=UV-7BT5L8skp6qiuu-grTYaIVlrlFTl7760TyLkHYxOa9cKY03gQYM3shVHXtQr4tovbA60-GNJ3kIr1mcCi_XUSGGIxsZ0bLdzcyriX1FAcgmDmmZjaUDLgmjAfiOjj&xkcb=SoBN67M3A_-VYx0Dl50KbzkdCdPP&fccid=2594938d712e29c4&cmp=Union-Holding&ti=Professeur+D%27informatique&vjs=3
Technicien spécialisé débutant,PRO CONTRACTORS,Salé,PostedPosted 4 days ago,https://ma.indeed.com/rc/clk?jk=62553e908918fd70&bb=aeacfOL_OTjAx_9RFRA4nCBtnu6PLNxhDYhOQeAncK9Yi77FTcPFI7WmQlNU_Prb5s-SNCtvgMmkK8IG3EF58OmXhHhi01a5TuF9eZEjZM5xKtnEZ8xp61wsylweXma1&xkcb=SoDr67M3A_-VOY2aaZ0LbzkdCdPP&fccid=967ab778c41b57e1&vjs=3
Stage en maintenance informatique,goziltech,Témara,PostedPosted 4 days ago,https://ma.indeed.com/rc/clk?jk=62553e908918fd70&bb=aeacfOL_OTjAx_9RFRA4nCBtnu6PLNxhDYhOQeAncK9Yi77FTcPFI7WmQlNU_Prb5s-SNCtvgMmkK8IG3EF58OmXhHhi01a5TuF9eZEjZM5xKtnEZ8xp61wsylweXma1&xkcb=SoDr67M3A_-VOY2aaZ0LbzkdCdPP&fccid=967ab778c41b57e1&vjs=3
Chef de chantier battage,VINCI Construction,Rabat,PostedPosted 4 days ago,https://ma.indeed.com/rc/clk?jk=62553e908918fd70&bb=aeacfOL_OTjAx_9RFRA4nCBtnu6PLNxhDYhOQeAncK9Yi77FTcPFI7WmQlNU_Prb5s-SNCtvgMmkK8IG3EF58OmXhHhi01a5TuF9eZEjZM5xKtnEZ8xp61wsylweXma1&xkcb=SoDr67M3A_-VOY2aaZ0LbzkdCdPP&fccid=967ab778c41b57e1&vjs=3
Technicien maintenance et réparation,Capital genes,Rabat,PostedPosted 4 days ago,https://ma.indeed.com/rc/clk?jk=62553e908918fd70&bb=aeacfOL_OTjAx_9RFRA4nCBtnu6PLNxhDYhOQeAncK9Yi77FTcPFI7WmQlNU_Prb5s-SNCtvgMmkK8IG3EF58OmXhHhi01a5TuF9eZEjZM5xKtnEZ8xp61wsylweXma1&xkcb=SoDr67M3A_-VOY2aaZ0LbzkdCdPP&fccid=967ab778c41b57e1&vjs=3
Technicien supérieur en développement informatique,A DECOUVRIR APRES,Rabat,PostedPosted 4 days ago,https://ma.indeed.com/rc/clk?jk=62553e908918fd70&bb=aeacfOL_OTjAx_9RFRA4nCBtnu6PLNxhDYhOQeAncK9Yi77FTcPFI7WmQlNU_Prb5s-SNCtvgMmkK8IG3EF58OmXhHhi01a5TuF9eZEjZM5xKtnEZ8xp61wsylweXma1&xkcb=SoDr67M3A_-VOY2aaZ0LbzkdCdPP&fccid=967ab778c41b57e1&vjs=3
Responsable marketing et communication ecole,ESSTI,Rabat,PostedPosted 4 days ago,https://ma.indeed.com/rc/clk?jk=62553e908918fd70&bb=aeacfOL_OTjAx_9RFRA4nCBtnu6PLNxhDYhOQeAncK9Yi77FTcPFI7WmQlNU_Prb5s-SNCtvgMmkK8IG3EF58OmXhHhi01a5TuF9eZEjZM5xKtnEZ8xp61wsylweXma1&xkcb=SoDr67M3A_-VOY2aaZ0LbzkdCdPP&fccid=967ab778c41b57e1&vjs=3
Recrutement immédiat!! Débutants acceptés,NRG Conseils,Rabat,PostedPosted 4 days ago,https://ma.indeed.com/rc/clk?jk=62553e908918fd70&bb=aeacfOL_OTjAx_9RFRA4nCBtnu6PLNxhDYhOQeAncK9Yi77FTcPFI7WmQlNU_Prb5s-SNCtvgMmkK8IG3EF58OmXhHhi01a5TuF9eZEjZM5xKtnEZ8xp61wsylweXma1&xkcb=SoDr67M3A_-VOY2aaZ0LbzkdCdPP&fccid=967ab778c41b57e1&vjs=3
Chef de chantier dragage,VINCI Construction,Rabat,PostedPosted 4 days ago,https://ma.indeed.com/rc/clk?jk=62553e908918fd70&bb=aeacfOL_OTjAx_9RFRA4nCBtnu6PLNxhDYhOQeAncK9Yi77FTcPFI7WmQlNU_Prb5s-SNCtvgMmkK8IG3EF58OmXhHhi01a5TuF9eZEjZM5xKtnEZ8xp61wsylweXma1&xkcb=SoDr67M3A_-VOY2aaZ0LbzkdCdPP&fccid=967ab778c41b57e1&vjs=3
Prime de bienvenue de 800 DH : profils bilingues - italophone et francophone - réception d'appels,Marketing Call Center,Rabat,PostedPosted 4 days ago,https://ma.indeed.com/rc/clk?jk=62553e908918fd70&bb=aeacfOL_OTjAx_9RFRA4nCBtnu6PLNxhDYhOQeAncK9Yi77FTcPFI7WmQlNU_Prb5s-SNCtvgMmkK8IG3EF58OmXhHhi01a5TuF9eZEjZM5xKtnEZ8xp61wsylweXma1&xkcb=SoDr67M3A_-VOY2aaZ0LbzkdCdPP&fccid=967ab778c41b57e1&vjs=3
Gestionnaire en Assurance Santé,Feniassur,Rabat,PostedPosted 4 days ago,https://ma.indeed.com/rc/clk?jk=62553e908918fd70&bb=aeacfOL_OTjAx_9RFRA4nCBtnu6PLNxhDYhOQeAncK9Yi77FTcPFI7WmQlNU_Prb5s-SNCtvgMmkK8IG3EF58OmXhHhi01a5TuF9eZEjZM5xKtnEZ8xp61wsylweXma1&xkcb=SoDr67M3A_-VOY2aaZ0LbzkdCdPP&fccid=967ab778c41b57e1&vjs=3
Courtier Français en assurance Recrute en CDI : Commerciaux en Assurance Santé et Auto : Rem jusqu’a 30 000 dhs,None,Rabat,PostedPosted 4 days ago,https://ma.indeed.com/rc/clk?jk=62553e908918fd70&bb=aeacfOL_OTjAx_9RFRA4nCBtnu6PLNxhDYhOQeAncK9Yi77FTcPFI7WmQlNU_Prb5s-SNCtvgMmkK8IG3EF58OmXhHhi01a5TuF9eZEjZM5xKtnEZ8xp61wsylweXma1&xkcb=SoDr67M3A_-VOY2aaZ0LbzkdCdPP&fccid=967ab778c41b57e1&vjs=3
Offre de stage : architecte d'intérieur,AKLIM,Rabat,PostedPosted 4 days ago,https://ma.indeed.com/rc/clk?jk=62553e908918fd70&bb=aeacfOL_OTjAx_9RFRA4nCBtnu6PLNxhDYhOQeAncK9Yi77FTcPFI7WmQlNU_Prb5s-SNCtvgMmkK8IG3EF58OmXhHhi01a5TuF9eZEjZM5xKtnEZ8xp61wsylweXma1&xkcb=SoDr67M3A_-VOY2aaZ0LbzkdCdPP&fccid=967ab778c41b57e1&vjs=3
Cherche stagiaire ingenieur,it sarl,Rabat,PostedPosted 4 days ago,https://ma.indeed.com/rc/clk?jk=62553e908918fd70&bb=aeacfOL_OTjAx_9RFRA4nCBtnu6PLNxhDYhOQeAncK9Yi77FTcPFI7WmQlNU_Prb5s-SNCtvgMmkK8IG3EF58OmXhHhi01a5TuF9eZEjZM5xKtnEZ8xp61wsylweXma1&xkcb=SoDr67M3A_-VOY2aaZ0LbzkdCdPP&fccid=967ab778c41b57e1&vjs=3
Ingénieur DevOps Kubernetes | Devoteam Maroc Nearshore,Devoteam,Rabat,PostedPosted 4 days ago,https://ma.indeed.com/rc/clk?jk=62553e908918fd70&bb=aeacfOL_OTjAx_9RFRA4nCBtnu6PLNxhDYhOQeAncK9Yi77FTcPFI7WmQlNU_Prb5s-SNCtvgMmkK8IG3EF58OmXhHhi01a5TuF9eZEjZM5xKtnEZ8xp61wsylweXma1&xkcb=SoDr67M3A_-VOY2aaZ0LbzkdCdPP&fccid=967ab778c41b57e1&vjs=3
Agent de recouvrement francophones h/f expérimenté,Xpercia,Rabat,PostedPosted 4 days ago,https://ma.indeed.com/rc/clk?jk=62553e908918fd70&bb=aeacfOL_OTjAx_9RFRA4nCBtnu6PLNxhDYhOQeAncK9Yi77FTcPFI7WmQlNU_Prb5s-SNCtvgMmkK8IG3EF58OmXhHhi01a5TuF9eZEjZM5xKtnEZ8xp61wsylweXma1&xkcb=SoDr67M3A_-VOY2aaZ0LbzkdCdPP&fccid=967ab778c41b57e1&vjs=3
Assistance technique - fai btob - adm value est à la recherche de profils billingue fr/en,ADM Value,Rabat,PostedPosted 4 days ago,https://ma.indeed.com/rc/clk?jk=4492fa7df1e9e294&bb=qGENAeqMD5f1pdpPXCCnzcQWJN5EhTOMMfLc3YdA6teh5uzSlkIydsaMomtSn_JxR52aiSEO_kJEwcG82Y8fcWUex7J4BYMTvkPiJHlS62S2zt2LtYzUfY-P1_tcYbXY&xkcb=SoAW67M3A_-U15WaaZ0LbzkdCdPP&fccid=52a0a1a0fced01b3&vjs=3
Profilo bilingue italiano e inglese : 100% backoffice,Marketing Call Center,Rabat,PostedPosted 4 days ago,https://ma.indeed.com/rc/clk?jk=4492fa7df1e9e294&bb=qGENAeqMD5f1pdpPXCCnzcQWJN5EhTOMMfLc3YdA6teh5uzSlkIydsaMomtSn_JxR52aiSEO_kJEwcG82Y8fcWUex7J4BYMTvkPiJHlS62S2zt2LtYzUfY-P1_tcYbXY&xkcb=SoAW67M3A_-U15WaaZ0LbzkdCdPP&fccid=52a0a1a0fced01b3&vjs=3
Customer Service Advisor - Italian,Foundever,Rabat,PostedPosted 4 days ago,https://ma.indeed.com/rc/clk?jk=4492fa7df1e9e294&bb=qGENAeqMD5f1pdpPXCCnzcQWJN5EhTOMMfLc3YdA6teh5uzSlkIydsaMomtSn_JxR52aiSEO_kJEwcG82Y8fcWUex7J4BYMTvkPiJHlS62S2zt2LtYzUfY-P1_tcYbXY&xkcb=SoAW67M3A_-U15WaaZ0LbzkdCdPP&fccid=52a0a1a0fced01b3&vjs=3
Assistante d'acceuil,Mundiapolis,Rabat,EmployerActive 3 days ago,https://ma.indeed.com/rc/clk?jk=4492fa7df1e9e294&bb=qGENAeqMD5f1pdpPXCCnzcQWJN5EhTOMMfLc3YdA6teh5uzSlkIydsaMomtSn_JxR52aiSEO_kJEwcG82Y8fcWUex7J4BYMTvkPiJHlS62S2zt2LtYzUfY-P1_tcYbXY&xkcb=SoAW67M3A_-U15WaaZ0LbzkdCdPP&fccid=52a0a1a0fced01b3&vjs=3
Assistante de direction,EMSI,Rabat,EmployerActive 3 days ago,https://ma.indeed.com/rc/clk?jk=4492fa7df1e9e294&bb=qGENAeqMD5f1pdpPXCCnzcQWJN5EhTOMMfLc3YdA6teh5uzSlkIydsaMomtSn_JxR52aiSEO_kJEwcG82Y8fcWUex7J4BYMTvkPiJHlS62S2zt2LtYzUfY-P1_tcYbXY&xkcb=SoAW67M3A_-U15WaaZ0LbzkdCdPP&fccid=52a0a1a0fced01b3&vjs=3
Éducatrice petite enfance,Dahlia garden,Témara,EmployerActive 5 days ago,https://ma.indeed.com/rc/clk?jk=4492fa7df1e9e294&bb=qGENAeqMD5f1pdpPXCCnzcQWJN5EhTOMMfLc3YdA6teh5uzSlkIydsaMomtSn_JxR52aiSEO_kJEwcG82Y8fcWUex7J4BYMTvkPiJHlS62S2zt2LtYzUfY-P1_tcYbXY&xkcb=SoAW67M3A_-U15WaaZ0LbzkdCdPP&fccid=52a0a1a0fced01b3&vjs=3
Assistante de direction,Cercle RH,Rabat,EmployerActive 3 days ago,https://ma.indeed.com/rc/clk?jk=4492fa7df1e9e294&bb=qGENAeqMD5f1pdpPXCCnzcQWJN5EhTOMMfLc3YdA6teh5uzSlkIydsaMomtSn_JxR52aiSEO_kJEwcG82Y8fcWUex7J4BYMTvkPiJHlS62S2zt2LtYzUfY-P1_tcYbXY&xkcb=SoAW67M3A_-U15WaaZ0LbzkdCdPP&fccid=52a0a1a0fced01b3&vjs=3
OUTLET MANAGER,BestCarriere,Rabat,EmployerActive 3 days ago,https://ma.indeed.com/rc/clk?jk=4492fa7df1e9e294&bb=qGENAeqMD5f1pdpPXCCnzcQWJN5EhTOMMfLc3YdA6teh5uzSlkIydsaMomtSn_JxR52aiSEO_kJEwcG82Y8fcWUex7J4BYMTvkPiJHlS62S2zt2LtYzUfY-P1_tcYbXY&xkcb=SoAW67M3A_-U15WaaZ0LbzkdCdPP&fccid=52a0a1a0fced01b3&vjs=3
Responsable Marketing Administratif,Automize,Rabat,EmployerActive 3 days ago,https://ma.indeed.com/rc/clk?jk=4492fa7df1e9e294&bb=qGENAeqMD5f1pdpPXCCnzcQWJN5EhTOMMfLc3YdA6teh5uzSlkIydsaMomtSn_JxR52aiSEO_kJEwcG82Y8fcWUex7J4BYMTvkPiJHlS62S2zt2LtYzUfY-P1_tcYbXY&xkcb=SoAW67M3A_-U15WaaZ0LbzkdCdPP&fccid=52a0a1a0fced01b3&vjs=3
Développeur Odoo,movacademy,Rabat,EmployerActive 3 days ago,https://ma.indeed.com/rc/clk?jk=4492fa7df1e9e294&bb=qGENAeqMD5f1pdpPXCCnzcQWJN5EhTOMMfLc3YdA6teh5uzSlkIydsaMomtSn_JxR52aiSEO_kJEwcG82Y8fcWUex7J4BYMTvkPiJHlS62S2zt2LtYzUfY-P1_tcYbXY&xkcb=SoAW67M3A_-U15WaaZ0LbzkdCdPP&fccid=52a0a1a0fced01b3&vjs=3
Acheteur Industriel,Cercle RH,Rabat,EmployerActive 3 days ago,https://ma.indeed.com/rc/clk?jk=4492fa7df1e9e294&bb=qGENAeqMD5f1pdpPXCCnzcQWJN5EhTOMMfLc3YdA6teh5uzSlkIydsaMomtSn_JxR52aiSEO_kJEwcG82Y8fcWUex7J4BYMTvkPiJHlS62S2zt2LtYzUfY-P1_tcYbXY&xkcb=SoAW67M3A_-U15WaaZ0LbzkdCdPP&fccid=52a0a1a0fced01b3&vjs=3
Stagiaire Pré-Embauche Chef de Projet Marketing,LION CONSULTING RH,Rabat,EmployerActive 4 days ago,https://ma.indeed.com/rc/clk?jk=4492fa7df1e9e294&bb=qGENAeqMD5f1pdpPXCCnzcQWJN5EhTOMMfLc3YdA6teh5uzSlkIydsaMomtSn_JxR52aiSEO_kJEwcG82Y8fcWUex7J4BYMTvkPiJHlS62S2zt2LtYzUfY-P1_tcYbXY&xkcb=SoAW67M3A_-U15WaaZ0LbzkdCdPP&fccid=52a0a1a0fced01b3&vjs=3
Teleconseillere Francophone,STE ARFIQ DES ENERGIES RENOUVELABLES ET...,Agdal Riyad,EmployerActive 3 days ago,https://ma.indeed.com/rc/clk?jk=4492fa7df1e9e294&bb=qGENAeqMD5f1pdpPXCCnzcQWJN5EhTOMMfLc3YdA6teh5uzSlkIydsaMomtSn_JxR52aiSEO_kJEwcG82Y8fcWUex7J4BYMTvkPiJHlS62S2zt2LtYzUfY-P1_tcYbXY&xkcb=SoAW67M3A_-U15WaaZ0LbzkdCdPP&fccid=52a0a1a0fced01b3&vjs=3
Stagiaire en Marketing Digital et design[Préembauche pas de rémunération les 3 premiers Mois]**,NET COURTAGE ASSURANCES (NCA),Rabat,EmployerActive 3 days ago,https://ma.indeed.com/rc/clk?jk=4492fa7df1e9e294&bb=qGENAeqMD5f1pdpPXCCnzcQWJN5EhTOMMfLc3YdA6teh5uzSlkIydsaMomtSn_JxR52aiSEO_kJEwcG82Y8fcWUex7J4BYMTvkPiJHlS62S2zt2LtYzUfY-P1_tcYbXY&xkcb=SoAW67M3A_-U15WaaZ0LbzkdCdPP&fccid=52a0a1a0fced01b3&vjs=3
Centre D'appel Francophone,FELLAH EL AYACHI,Rabat,EmployerActive 3 days ago,https://ma.indeed.com/rc/clk?jk=4492fa7df1e9e294&bb=qGENAeqMD5f1pdpPXCCnzcQWJN5EhTOMMfLc3YdA6teh5uzSlkIydsaMomtSn_JxR52aiSEO_kJEwcG82Y8fcWUex7J4BYMTvkPiJHlS62S2zt2LtYzUfY-P1_tcYbXY&xkcb=SoAW67M3A_-U15WaaZ0LbzkdCdPP&fccid=52a0a1a0fced01b3&vjs=3
Développeur Odoo,Cercle RH,Rabat,EmployerActive 3 days ago,https://ma.indeed.com/rc/clk?jk=d02cfd8db105cc2b&bb=H5r6oIdsxdx5WgT0X6cFMj03JDIMQePc0ToyTTIxH2cQBhGLbTTpVxYEfCTGQkArwnf6jgwJfFJII7DnhNuaWA8WCZ8DenX9hAvEPXJJmL9emByvuLD28DDytrFAPzIs&xkcb=SoAj67M3A_-U7g-7KB0LbzkdCdPP&fccid=85dbcea1fde92a91&cmp=Cercle-RH&ti=D%C3%A9veloppeur&vjs=3
Stage Infographiste et videaste,l'agence Zyganium,Témara,EmployerActive 3 days ago,https://ma.indeed.com/rc/clk?jk=d02cfd8db105cc2b&bb=H5r6oIdsxdx5WgT0X6cFMj03JDIMQePc0ToyTTIxH2cQBhGLbTTpVxYEfCTGQkArwnf6jgwJfFJII7DnhNuaWA8WCZ8DenX9hAvEPXJJmL9emByvuLD28DDytrFAPzIs&xkcb=SoAj67M3A_-U7g-7KB0LbzkdCdPP&fccid=85dbcea1fde92a91&cmp=Cercle-RH&ti=D%C3%A9veloppeur&vjs=3
Commercial sédentaire en assurance santé et auto (f/h) en cdi (salaire jusqu'à 35 000 dhs,LES MANDARINS MAROC,Témara,EmployerActive 3 days ago,https://ma.indeed.com/rc/clk?jk=d02cfd8db105cc2b&bb=H5r6oIdsxdx5WgT0X6cFMj03JDIMQePc0ToyTTIxH2cQBhGLbTTpVxYEfCTGQkArwnf6jgwJfFJII7DnhNuaWA8WCZ8DenX9hAvEPXJJmL9emByvuLD28DDytrFAPzIs&xkcb=SoAj67M3A_-U7g-7KB0LbzkdCdPP&fccid=85dbcea1fde92a91&cmp=Cercle-RH&ti=D%C3%A9veloppeur&vjs=3
experts en Décénnale [salaire de 6000dh à 11000dh + primes]**-,NET COURTAGE ASSURANCES (NCA),Rabat,EmployerActive 3 days ago,https://ma.indeed.com/rc/clk?jk=d02cfd8db105cc2b&bb=H5r6oIdsxdx5WgT0X6cFMj03JDIMQePc0ToyTTIxH2cQBhGLbTTpVxYEfCTGQkArwnf6jgwJfFJII7DnhNuaWA8WCZ8DenX9hAvEPXJJmL9emByvuLD28DDytrFAPzIs&xkcb=SoAj67M3A_-U7g-7KB0LbzkdCdPP&fccid=85dbcea1fde92a91&cmp=Cercle-RH&ti=D%C3%A9veloppeur&vjs=3
Chef de Projet (H/F) - Centre d'appel,MMCS iQera Rabat,Rabat,EmployerActive 3 days ago,https://ma.indeed.com/rc/clk?jk=d02cfd8db105cc2b&bb=H5r6oIdsxdx5WgT0X6cFMj03JDIMQePc0ToyTTIxH2cQBhGLbTTpVxYEfCTGQkArwnf6jgwJfFJII7DnhNuaWA8WCZ8DenX9hAvEPXJJmL9emByvuLD28DDytrFAPzIs&xkcb=SoAj67M3A_-U7g-7KB0LbzkdCdPP&fccid=85dbcea1fde92a91&cmp=Cercle-RH&ti=D%C3%A9veloppeur&vjs=3
Techniciens IT Expérimentés avec Maîtrise des Outils CRM et des Systèmes VoIP,FELLAH EL AYACHI,Salé,EmployerActive 3 days ago,https://ma.indeed.com/rc/clk?jk=d02cfd8db105cc2b&bb=H5r6oIdsxdx5WgT0X6cFMj03JDIMQePc0ToyTTIxH2cQBhGLbTTpVxYEfCTGQkArwnf6jgwJfFJII7DnhNuaWA8WCZ8DenX9hAvEPXJJmL9emByvuLD28DDytrFAPzIs&xkcb=SoAj67M3A_-U7g-7KB0LbzkdCdPP&fccid=85dbcea1fde92a91&cmp=Cercle-RH&ti=D%C3%A9veloppeur&vjs=3
Offre d'emplo avec max d'avantage,STE ARFIQ DES ENERGIES RENOUVELABLES ET...,Rabat,EmployerActive 3 days ago,https://ma.indeed.com/rc/clk?jk=d02cfd8db105cc2b&bb=H5r6oIdsxdx5WgT0X6cFMj03JDIMQePc0ToyTTIxH2cQBhGLbTTpVxYEfCTGQkArwnf6jgwJfFJII7DnhNuaWA8WCZ8DenX9hAvEPXJJmL9emByvuLD28DDytrFAPzIs&xkcb=SoAj67M3A_-U7g-7KB0LbzkdCdPP&fccid=85dbcea1fde92a91&cmp=Cercle-RH&ti=D%C3%A9veloppeur&vjs=3
Techniciens IT Expérimentés avec Maîtrise des Outils CRM et des Systèmes VoIP,STE ARFIQ DES ENERGIES RENOUVELABLES ET...,Rabat,EmployerActive 3 days ago,https://ma.indeed.com/rc/clk?jk=d02cfd8db105cc2b&bb=H5r6oIdsxdx5WgT0X6cFMj03JDIMQePc0ToyTTIxH2cQBhGLbTTpVxYEfCTGQkArwnf6jgwJfFJII7DnhNuaWA8WCZ8DenX9hAvEPXJJmL9emByvuLD28DDytrFAPzIs&xkcb=SoAj67M3A_-U7g-7KB0LbzkdCdPP&fccid=85dbcea1fde92a91&cmp=Cercle-RH&ti=D%C3%A9veloppeur&vjs=3
